" Name","Length"," Catalytic region of the DNAzyme"," Reaction"," Metal ions/cofactors"
"8LX12","50","CCCCGAGGTGTGGACATAGCGGGCTGGTGTGGCGCGCAGT...","RNA ligation","Mn2+"
"8LX13","50","CATCGGTGTAGCGATGCACGGGCAAAGATACATTCGCAGT...","RNA ligation","Mn2+"
"8LX14","50","CCACGTGCGAGGTTAGACGTCAGTGGCTGGTGTTCGCAGT...","RNA ligation","Mn2+"
"8LX15","49","CCGACGCGTCCAGGAGGCAAGGGCTATATGCACCGCAGTG...","RNA ligation","Mn2+"
"8LX16","50","CACGAGGTAGGGAGGGGCACACTGCTATGCTCAGCGCAGT...","RNA ligation","Mn2+"
"8LX17","48","CACATGTCTAGCGGCGTGCGGGAGAAGTGCAAGCGCTGTG...","RNA ligation","Mn2+"
"8LX18","50","CCAAGGCAGAGCGTAGCCAGACAGCCGGGAGGTTCGCAGT...","RNA ligation","Mn2+"
"8LX21","50","GTAGCCACATTAGTGCGCTGCAACTGCTATGCAACGCAGT...","RNA ligation","Mn2+"
"8LV1","50","GCCGGTGGAAGGTTCTCTGCCAAAAGTGGTCGTCCGCAGT...","DNA ligation","Mn2+"
"8LV3","51","CCATGGACGTATGGTTTGGTATGCCGAACGCGGACGCAGG...","DNA ligation","Mn2+"
"8LV7","50","CAGGGTGAGAGGACCGTAAGTGTTAGTTGACACACGCAGT...","DNA ligation","Mn2+"
"8LV9","50","GTCGGGCGTGTGGTTGCAAAGGACGTCTGGAGTGCGCAGT...","DNA ligation","Mn2+"
"8LV11","49","CCTAGGGAATGCGGAGGCTTGAGGTGTGTCTTGGCGCAGG...","DNA ligation","Mn2+"
"8LV12","50","CAGTAGACGCCGCATAGGGCACTGTTTACTGCTCCGAAGT...","DNA ligation","Mn2+"
"8LV13","49","CGAGAGCGTGAATGTTGGTTGAGACACAGTGTACGCAGTG...","DNA ligation","Mn2+"
"8LV15","50","CAGGGAGAGAGGCGTACGCGGAGATATACGCGGTCGCAGT...","DNA ligation","Mn2+"
"8LV17","50","CACGAGTAAGTGCTCGATTGGGTTACACTGAGGCCGCAGT...","DNA ligation","Mn2+"
"8LV21","49","CAGGGTGAGAGGACGAAAGCATGGGGTTAGCTGCGCAGTG...","DNA ligation","Mn2+"
"8LV22","50","CAGGGTGAAGTGGAAGCTACATTGTATGATTGCGCGCAGT...","DNA ligation","Mn2+"
"10-13","58","CTAACCACTATCCATGATTGTAAGAGCGGACAGCTGCAAC...","RNA ligation","Mg2+"
"10-9","57","CTAACCATTATCCTCGATTGTTAGAACGAACAGTTGCAAC...","RNA ligation","Mg2+"
"10-19","56","TAACCCATTATCTTCGATGTTAGAACGAACAGCTGCAACG...","RNA ligation","Mg2+"
"10-15","57","CTCGCCATTATCCTTGAGTGTTAGAACGAACAGTTGCAAC...","RNA ligation","Mg2+"
"10-7","57","CTATGCATTATCCTTGACTGTTAGATCGAGCAGTTGCAAC...","RNA ligation","Mg2+"
"10-22","57","CTAACCATTATCCCTGATTGTTAGAACGAACAGTTGCGAC...","RNA ligation","Mg2+"
"10-6","57","CTACGCATTATCCCTGGTTGTTAGAACGAGCAGTTGCAAC...","RNA ligation","Mg2+"
"10-21","58","CAAACCATTATCCTCGATTGCAAGAACGAGCAGTTGGAAC...","RNA ligation","Mg2+"
"10-3","58","CATATTCATCATCCTCGACTGCAAGAAAGAACAGTTGGAA...","RNA ligation","Mg2+"
"8LX8","49","CCGACGAGGTGAGGGGCATGCGGTACACGCGCATATAGTG...","RNA ligation","Mn2+"
"7Q10","20","TTACGTGGAGGTGGGCTCTA","RNA ligation","Mg2+"
"7Z81","38","ACGGCGAGTTTCATGGAGTGATTGGGAGGTTAGCTCTA...","RNA ligation","Mg2+"
"7Z101","40","CCCGAGGAGGGGCGGGGGGACTTGGTGTGGAGTTTCATTC...","RNA ligation","Mg2+"
"9A5","40","AAGGGGAGGGCCGATTGGCATTATCGGCGTCTTAGCTCTA...","RNA ligation","Mg2+"
"9A6","39","TAACCGTGGTTACCGTAAGCGCGGGGCTTATAGGGGATT...","RNA ligation","Mg2+"
"9DB1*","31","GGATCATACGGTCGGAGGGGTTTGCCGTTTA...","RNA ligation","Mn2+, Mg2+"
"9F21","40","AATGATGCTTGACAGGGTCTATAGTTTCTATGTAGCCCGA...","RNA ligation","Mn2+, Mg2+"
"9F13","38","AGGATGTGGGGTTTTGCCCGAGGGTATGGCAGTGGGGA...","RNA ligation","Mn2+, Mg2+"
"7CX4","40","GTGGGAGCCTGATGGAAGAATGGGAGAACAGCACGCGCCT...","RNA ligation","Zn2+"
"7CX6","40","GTGAGAGCAAGCGAGGGATACATGAACCGAAACCGCGCCT...","RNA ligation","Zn2+"
"7CX8","40","GTGAGAGCATGTGGCACCCTGGCAGGAACCTAACGCGCCT...","RNA ligation","Zn2+"
"9F7","40","AATGAGGCTTGGCAGGGATTTAGTATTTTAACACTCCCGG...","RNA ligation","Mn2+, Mg2+"
"12BB2","40","ACCGCGGGAGCTACGTTAGTGGTAACTGCTTGTAGGCGAG...","RNA ligation","Zn2+"
"12BB6","40","TACACCTATTATGGTTTCGTGAGGGGTGTGGCTGGTGCTG...","RNA ligation","Zn2+"
"12BB12","40","CAGAGCCCCTTACGTACAGCCTTTTTAGGTAACCGGGGAG...","RNA ligation","Zn2+"
"12BB23","40","TACACCTATAATGGTTTCGTGAGGGGTGTGGCTGATGCTG...","RNA ligation","Zn2+"
"12BB30","40","CCTGTACTGCGCTGCTCAAATCAGCCGGGTGTGTGAACTC...","RNA ligation","Zn2+"
"12BB32","40","TGTATGTGGGGGGTGTGTATCAGTCTACTGTGGCTTAAGC...","RNA ligation","Zn2+"
"6J12","40","AGGGAGCGGTGTGGCACAGACAGGGTATTAACTCTGTGAG...","RNA ligation","Zn2+"
"6J1","40","GTGGGAGGACGCGTCAGTAGTTATGACCTGCCTGAGTGCT...","RNA ligation","Zn2+"
"6J18","40","CGGGAGAGGAGTGGCAGAGATACTGTGAATGTAATCTGAG...","RNA ligation","Zn2+"
"7S11","37","CAGTGCAGGGCGTGAGGGCTCGGTTCCCGTATTATCT...","RNA ligation","Mg2+"
"7S10","37","CAGCGCAGGGTGTGAGGGCTCGGTTCCCGTATTATTT...","RNA ligation","Mg2+"
"6CE8","20","GGCACTCAGAGCGCACGGCG","RNA ligation","Mn2+"
"8AY1","38","CCCGACGATGGAATGGAAGGGCGGGAGAGCCGCGGTAG...","RNA ligation","Mg2+"
"8AY3","38","CAGCCTACGGGTAACAAGGTGCGAGAGATCAGCGGCAG...","RNA ligation","Mg2+"
"8AY9","38","CACGAGATGTTTACCACGCTGCGGGAGATTAGCGGTAG...","RNA ligation","Mg2+"
"8AY11","38","CACAAGGGAACAGGCTGCGTGTGAGAGAGTCGCGGTAA...","RNA ligation","Mg2+"
"8AY13","38","CAGGTCGTTAGGCGGGAGATAACAAGGTGAAGCGGTAG...","RNA ligation","Mg2+"
"8AY17","39","CACGGCAACAGCAACAGCAGTGCGAGAGAGACGCGGTAG...","RNA ligation","Mg2+"
"8LX3","51","CCCACCGGTAGGGCTACGGGCAAGGTCAACATGCCGCAAG...","RNA ligation","Mn2+"
"8LX5","49","CAGGCCATGGATTATTGGAGGAATGGGCCGTCAGCGCGTG...","RNA ligation","Mn2+"
"10DM24","31","CCGTAGGTGAAGGGCGTGAGGGTTCCATTCC...","RNA ligation","Mg2+"
"10-5","58","CTCCTCATTATTCACGAATGATAGCACGAATAGTGTGAAC...","RNA ligation","Mg2+"
"10-17","58","CTCCTCATTATTCTAGAATGATAGCACGAATAGTGTGAAC...","RNA ligation","Mg2+"
"10-4","56","CAGCTCATTATTCACGAATGATGCACGAATAGTGTGAACG...","RNA ligation","Mg2+"
"10-12","58","AACCCTCATTATCCACCAATGATAGCACGAATAGTGTGAG...","RNA ligation","Mg2+"
"class 17_sel_b","74","TAGGCACCGTAGACGCATGACGTATCGGAAGTTTGAGAGG...","RNA cleavage",""
"10-14","56","AGGACTCATTAAGCTCGATTGCTCGAACGAACGGTTGGCA...","RNA ligation","Mg2+"
"10-8","57","CGCAGCATTATGCTCGCATGCCCGAACGAACGGTTGGCAC...","RNA ligation","Mg2+"
"10-2","57","CGACTGGTTTTGCTCGTTTCTTCGTAGGAACAGATGTAAT...","RNA ligation","Mg2+"
"10-10","56","CGACTGGCTCTGCTCGTTTCTTCGAATGAACAGATGTAGT...","RNA ligation","Mg2+"
"10-16","57","CGACTAATCATGCTCGAATGTTCGTAAGAACAGTCTGTGC...","RNA ligation","Mg2+"
"ie7","39","ATCAGCGATTCACCCTTGTTTAGGGTTGCACCCATGTTA...","RNA cleavage","Mg2+"
"10-1","57","ACTGACTCATACTGCACGCTTGTCCCTAAGGTAGTTGCGC...","RNA ligation","Mg2+"
"10-11","56","CTACGGGTTATGGTTGATTATACGTAAAAACAGTTAGGAT...","RNA ligation","Mg2+"
"15HA9","31","CCGGCCACGGCGTCAGTGAGGCAAGACTTCC...","DNA ligation","Mg2+"
"10DM3","31","CGGTAAGGCCAGGGCGTGAGGGTCCGCTTCC...","RNA ligation","Mg2+"
"10DM5","31","CATTATGCGAAGGGCGTGAGGGTTCCGTTCC...","RNA ligation","Mg2+"
"10DM19","31","CCTATGGCCCAGGGCGTGAGGGTGCGGTTCC...","RNA ligation","Mg2+"
"10DM21","32","AGTGTGCTGCTAGGGCGTGAGGGTCCGCTTCC...","RNA ligation","Mg2+"
"7DM3","31","CCGGCAGGCAAGGGTGTGAGGGCTCGGTTCC...","RNA ligation","Mg2+"
"7DM11","31","CCGTAGGCAAAGGGCGTGAGGGCTCGGTTCC...","RNA ligation","Mg2+"
"8BG11","40","CTACAGGACCCGCGCAAAAGTGATTTCAGAGGTATGGGTG...","RNA ligation","Mg2+"
"8BG29","40","CTAACTGTCAGATTCATCTAAAGATGGGGGGTTGTTTGAC...","RNA ligation","Mg2+"
"8BH6","38","GGCGTTAAGGATTGGCGGAAACGGGTGGATCGCGGACC...","RNA ligation","Mg2+"
"12BK15","38","GGCCGCTCACCCGTAGAACGGGTTGGATCCTAGGGGAC...","RNA ligation","Mg2+"
"12BK21","38","GTCCAAGTGCAAAAGTCTTGAAGCCACTGCTAGGGCAC...","RNA ligation","Mg2+"
"12BK29","38","GGACAATGGCACACAGTGTGGTCAGGAACTAGGTGATA...","RNA ligation","Mg2+"
"G5_2","50","GGGGGGAACGCCGTAACAAGCTCTGAACTAGCGGTTGCGA...","RNA cleavage","Pb2+"
"class 6","71","TAGGAAGTAGGGACCTACAAGTTGTCATTGTAACTGAGTT...","RNA cleavage","Mg2+"
"G5_3","50","CGGGACTCCGTAGCCCATTGCTTTTTGCAGCGTCAACGAA...","RNA cleavage","Pb2+"
"G5_4","50","CCACCATGTCTTCTCGAGCCGAACCGATAGTTACGTCATA...","RNA cleavage","Pb2+"
"G5_5","50","GCCAGATTGCTGCTACCAGCGGTACGAAATAGTGAAGTGT...","RNA cleavage","Pb2+"
"G5_6","50","ATAGGCCATGCTTTGGCTAGCGGCACCGTATAGTGTACCT...","RNA cleavage","Pb2+"
"G5_9","51","TTGCTAGCTCGGCTGAACTTCTGTAGCGCAACCGAAATAG...","RNA cleavage","Pb2+"
"G5_mini*","38","ACACATCTCTGAAGTAGCGCCGCCGTATAGTGACGCTA...","RNA cleavage","Pb2+"
"E0","40","TTCAGCGATGCACGCTTGTTTTAATGTTGCACCCATGTTA...","RNA cleavage","Mg2+"
"E1","40","TACAGCGATTAACGCTTATTTTAGCGTTACACCCATGTTA...","RNA cleavage","Mg2+"
"E2","40","TTCAGCGATTAACGCTTATTTTAGCGTTACACCCATGTTA...","RNA cleavage","Mg2+"
"E5","33","TTCAGCGATTAACGGAACGTTACACCCATGTTA...","RNA cleavage","Mg2+"
"E6","29","TTCAGCGATCCGGAACGGCACCCATGTTA...","RNA cleavage","Mg2+"
"ie1","40","ATCAGCGATTAACGCTTATTTTAGCATTACACCCATGTTA...","RNA cleavage","Mg2+"
"ie3","40","ATCAGCGATTAACGCTTATTTTAGCGTTACACCCATGTTA...","RNA cleavage","Mg2+"
"ie5","40","ATCAGCGATTAACGCTTGTTTCAATGTTACACCCATGTTA...","RNA cleavage","Mg2+"
"ie6","40","ATCAGCGATTAACGCTTGTTTTAGTGTTGCACCCATGTTA...","RNA cleavage","Mg2+"
"ie8","40","TACAGCGATTCACCCTTGTTTAAGGGTTACACCCATGTTA...","RNA cleavage","Mg2+"
"ie9","40","ATCAGCGATTCACCCTTGTTTTAAGGTTGCACCCATGTTA...","RNA cleavage","Mg2+"
"ie10","40","TTCAGCGATTCACCCTTGTTTTAAGGTTACACCCATGTTA...","RNA cleavage","Mg2+"
"ie11","40","TACAGCGATTCACGATTGTTTTAACGTGACACCCATGTTA...","RNA cleavage","Mg2+"
"ie12","40","TACAGCGATTCACGCCTGTTATATGCGTGCACCCATGTTA...","RNA cleavage","Mg2+"
"ie13","39","TACAGCGATAACGCCTATTTTAGCGTTACACCCATGTTG...","RNA cleavage","Mg2+"
"ie14","40","TACAGCGATCAACGCCTGTTATAATCGTGCACCCATGTTA...","RNA cleavage","Mg2+"
"ie15","40","ATCAGCGATCAACGCTTCTCTTAACGTTGCACCCATGTTA...","RNA cleavage","Mg2+"
"ie16","40","TACAGCGATCAACACTTGTTTCAATGTTGCACCCATGTTA...","RNA cleavage","Mg2+"
"ie17","40","ATCAGCGATCCACGCTTATTTAAACGTGGCACCCATGTTA...","RNA cleavage","Mg2+"
"ie18","40","TACAGCGATCCACGCTTGATTAAACGTGGCACCCATGTTA...","RNA cleavage","Mg2+"
"ie19","41","TATCAGCGATACACGTTTTTTTTAATGTGGCACCCATGTT...","RNA cleavage","Mg2+"
"class 1","74","AAGCTCTCTCAGCGAGACGAAATAGGGAGTTAGCAGCACG...","RNA cleavage","Mg2+"
"class 3","74","GGCATGTACCCAAGAAGGGGTGGAGCCGGCAGTGACCCCT...","RNA cleavage","Mg2+"
"class 4","74","ATGCTGTTGCTCTGTCAGCGGACACGAAATAGTGGGTCGC...","RNA cleavage","Mg2+"
"class 5","72","CAGATGTGAAGTTAGAGCTTTGCCAGCnTCGTTAGTAGAG...","RNA cleavage","Mg2+"
"class 7","71","CGTCATGCGAAAAGAATGGTGAGATTTGCCAGCsGTCGAG...","RNA cleavage","Mg2+"
"class 8","74","AGAACGGTAGAGTGCNGGGGGTGCAGTTGAGCTTTGTCAG...","RNA cleavage","Mg2+"
"class 9_sel_b","73","GAGCCTGTTAGGAAGAGCTTACCCAAGAAGGGGTGGAGCC...","RNA cleavage",""
"class 10_sel_b","73","GCAGAGTAAGGGAACCCTCTGACGGGCCTATCGCTGCAGT...","RNA cleavage",""
"class 11_sel_b","74","TTGAAAGCAGTTGGACGAAGCTTACCCAAGAAGGTGTGGC...","RNA cleavage",""
"class 12_sel_b","74","TCGCTAGAACGCTGGGCTTACCCAAGAAGGGGTGGGTCGG...","RNA cleavage",""
"class 13_sel_b","74","AGGCsCGCTTACCCAAGAAGGTGGGGGTACGAACATGCGA...","RNA cleavage",""
"class 15_sel_b","74","ATTGAGCTTACCCAAGAAGGGGTGTsCCGTTACCGTCTAG...","RNA cleavage",""
"class 16_sel_b","74","CGTCAATTTGTATTCAAGCGGCGACTGAAGGTTAAAGCTT...","RNA cleavage",""
"class 18_sel_b","74","CTTGAGGGGTAGGTATGGCCTACTGCTCCAAATCCTCACG...","RNA cleavage",""
"class 20_sel_c","74","GGAATCATAGTGTTGGACAAACATGCGCCATGTCCAGGCG...","RNA cleavage",""
"class 21_sel_c","71","TGCCGTGGGCAGCGGACGTTACCCAAGAAGGTGTGGGACG...","RNA cleavage",""
"class 22_sel_c","74","GTGTACCAATACCGTCACTGAGCTTACCCAAGAAGGGGTG...","RNA cleavage",""
"class 23_sel_c","74","ATAGTCACTAATTGGCTACTAAACCAGGCCGAGCTTACCC...","RNA cleavage",""
"class 24_sel_c","69","CGTGGCAGCGGACGTTACCCAAGAAGGTGTGGGATGACAC...","RNA cleavage",""
"class 25_sel_c","73","CGCTACAGTTAAGGGAACCAAGGCGGGTGTCCGGTAGAGC...","RNA cleavage",""
"class 1","40","TTTTGTCAGCGACTCGAAATAGTGTGTTGAAGCAGCTCTA...","RNA cleavage","Zn2+"
"class 2","39","TAGTTCTACCAGCGGTTCGAAATAGTGAAGTGTTCGTGA...","RNA cleavage","Zn2+"
"class 3","40","CAAAGATGCCAGCATGCTATTCTCCGAGCCGGTCGAAATA...","RNA cleavage","Zn2+"
"unclassified 1","40","GTCTCCGAGCCGGTCGAAATAGTCAGGTGTTTCTATTCGG...","RNA cleavage","Zn2+"
"unclassified 2","40","CTTCTCCGAGCCGGTCGAAATAGTAGTTTTTAGTATATCT...","RNA cleavage","Zn2+"
"unclassified 3","40","AGGTGTTGGCTGCTCTCGCGGTGGCGAGAGGTAGGGTGAT...","RNA cleavage","Zn2+"
"8-17","14","TCCGAGCCGGACGA","RNA cleavage","Mg2+, Zn2+, Pb2+, Ca2+"
"G1","35","TTTACCCAAGAAGGGGTGCGTACTTTACTTGCGAT...","RNA cleavage",""
"G2","31","TTTACCCAAGAAGGGGTGCGTACTTACTTGC...","RNA cleavage",""
"G3","41","TTTACCCAAGAAGGGGTGCGTACTATGCTACCTTATTAAC...","RNA cleavage",""
"G4","39","TTTACCCAAGAAGGGGTGCGTACTATGCTACCTTATGAC...","RNA cleavage",""
"G5","41","TTTACCCAAGAAGGGGTGCGTACTATGCTACCTTATGACG...","RNA cleavage",""
"G6","33","TTTACCCAAGAAGGGGTGCGTACTATACTACTC...","RNA cleavage",""
"G7","39","TTTACCCAAGAAGGGGTGGCATGAGCGCTACCCAGCACA...","RNA cleavage",""
"G8","39","TTTACCCAAGAAGGGGTGGCTAGAGCGCTACCCAGCAGA...","RNA cleavage",""
"C1","39","CCCCAACTTGAATCCGGTTCGCAAAGTTGCTTACATCTC...","RNA cleavage",""
"T1","39","CCTGCGCACTCCGGTTCGTTCCGGCACTATTTATTCAAG...","RNA cleavage",""
"T2","39","CCTGCGCACTCCGGTTCGTTCCGGCACTATTTATTCATC...","RNA cleavage",""
"T3","38","CCTGCGCACTCCGGTTCGTTCCGGCACTATTTATTCAT...","RNA cleavage",""
"T4","35","CCTGCTTCTCCGGTTCGTTACCGACATCATTCATT...","RNA cleavage",""
"Na2","37","TTTACCCAAGAAGGGGTGCCTACTtTGCCACCATATT...","RNA cleavage",""
"Na3","40","TTTACCCAAGAAGGGGTGCGTTCAATGCTACCTTATTAAC...","RNA cleavage",""
"10-23","16","RGGCTAGCTACAACGA","RNA cleavage","Mg2+"
"Na4","41","TTTACCCAAGAAGGGGTGGACTGAGCGCCTACCCAGCAGA...","RNA cleavage",""
"Na6","39","TTTACCCAAGAAGGGGTGCTACTATGTTACCTTATTACG...","RNA cleavage",""
"Na9","41","TTTACCCAAGAAGGGGTGCTTCACTATGCTACGTAATTAA...","RNA cleavage",""
"Na10","41","TTTACCCAAGAAGGGGTGCGTACTATAGCGACCGTATTAA...","RNA cleavage",""
"Na13","40","TTTACCCAAGAAGGGGTGCGCACTAGACTACCTTATAACT...","RNA cleavage",""
"Na15","43","TTTACCCAAGAAGGGGTGCGGACTTGGCTTCATTATTAAT...","RNA cleavage",""
"Na19","40","TTTACCCAAGAAGGGGTGCTACTAAGCCTACTTTATTACC...","RNA cleavage",""
"Na14","40","TTTACCCAAGAAGGGGTGCTACATGTACTTATAACTTCGA...","RNA cleavage",""
"Na16","39","CCCAAGAAGGGGTGCGTAAACTGCTACCCTATTAACCTA...","RNA cleavage",""
"Na1","42","TTTGTACCCAAGAAGGGGTGATACTAGGCTACCGTGTTAA...","RNA cleavage",""
"Na18","43","TTTGACCCAAGAAGGGGTGCATACTTAGCTGACCTTATTC...","RNA cleavage",""
"Na22","40","TTTACCCAAGAAGGGGTGCCTACAATGCTACCTGTTCACG...","RNA cleavage",""
"Na23","42","TTTACCCAATAAGGGGTGCCTACTCTGCTACGTTATTTAA...","RNA cleavage",""
"Na17","37","TTACCCAAGAAGGGGTGCCTAATTGCTACTCACAAAC...","RNA cleavage",""
"Na8","41","TTGACCCAAGAAGGGGTGACTACTTTGCTACGTTATTCCA...","RNA cleavage",""
"15MZ36","41","CAAGGAGAGTTGTACAAGCTCGGGTCGTGTTCAAAGGGAT...","Covalent Modification of Amino Acid Side Chains","Mn2+, Mg2+"
"VMA15","20","AAAGGGCGGGCAAACTCTGG","RNA cleavage","Mg2+"
"10KC3","40","CAAGGAGCGTTGGACAAGCGCGGGTCGTTCCAAAAGTAGG...","Covalent Modification of Amino Acid Side Chains","Mn2+, Mg2+"
"9NG14","40","CAAGGAGTGCTGGAGAGGCACGGGTCGTGGCAAAAGTGTC...","Covalent Modification of Amino Acid Side Chains","Mn2+, Mg2+"
"9NG2","40","CAAGGAGTGATCGTCGATCATGGGTCGTTCTGAAAGGCAG...","Covalent Modification of Amino Acid Side Chains","Mn2+, Mg2+"
"9NG3","40","CAAGGAGCGATGAACAAGCGCGGGTCGTTCCGAAAGCTGG...","Covalent Modification of Amino Acid Side Chains","Mn2+, Mg2+"
"9NG5","40","CAAGGAGAGTGGGAAAAGCTCGGGTCGTTCTCAAAGGGAG...","Covalent Modification of Amino Acid Side Chains","Mn2+, Mg2+"
"9NG6","40","CAAGGAACGTTGCACAAACGTGGGTCGTGGCCAAAAGGTC...","Covalent Modification of Amino Acid Side Chains","Mn2+, Mg2+"
"9NG15","41","CAAGGAGCGGTGGCCTACCGTGGGTCGTGTTCAAACGGAT...","Covalent Modification of Amino Acid Side Chains","Mn2+, Mg2+"
"11MN5","43","CAAGGAGGCACCTCGATAAGTGCCGGGTCGTTCCGAAAGC...","Covalent Modification of Amino Acid Side Chains","Mn2+, Mg2+"
"11MN10","40","CAAGGAGCGAAGGTCAAGAGCGGGTCGTGGCAAAAGTGCA...","Covalent Modification of Amino Acid Side Chains","Mn2+, Mg2+"
"11MN19","40","CAAGGAGAGGTTGAGAATCTCGGGTCGTTTCCAAAGGGGA...","Covalent Modification of Amino Acid Side Chains","Mn2+, Mg2+"
"15MZ30","40","CAAGGAGCCCGGGACTAGGGCGGGTCGTGGCAAAAGTGTC...","Covalent Modification of Amino Acid Side Chains","Mn2+, Mg2+"
"15MZ49","41","CAAGGAGTGTTGGATAAACGCGGGTCGTGTTCAAAGGGAT...","Covalent Modification of Amino Acid Side Chains","Mn2+, Mg2+"
"6QG6","41","CAAGGAGACTTGTATAAAGTCGGGTCGTCTTCAAAGGGAT...","Covalent Modification of Amino Acid Side Chains","Mn2+, Mg2+"
"6QG18","41","CAAGGAGGGTTGTAGCAGCCCGGGTCGTGTTGAAAGGCAT...","Covalent Modification of Amino Acid Side Chains","Mn2+, Mg2+"
"15NZ11","41","CAAGGAGCGTGGGACAAGAGCGGGTCGTGTTCAAAGGGAT...","Covalent Modification of Amino Acid Side Chains","Mn2+, Mg2+"
"15NZ16","40","CAAGGAGCGATAGTCATACGCGGGTCGTGGCAAAAGTGTC...","Covalent Modification of Amino Acid Side Chains","Mn2+, Mg2+"
"Tyr1","49","CACGACAGCTAGAAAGAGGTCTAAAAAGTACTCCGCAGTG...","Covalent Modification of Amino Acid Side Chains","Mn2+, Mg2+"
"Ser7","49","AAACGCAGGAAAAGCAACTCTTTTCTGGATGTGCGCAGTG...","Covalent Modification of Amino Acid Side Chains","Mg2+"
"VMA8","21","AGTCGGCCCCAGCTGGTTCGC...","RNA cleavage","Mg2+"
"VMC10","20","GGGTCTCCAGCTGGACGTTA","RNA cleavage","Mg2+"
"Seq01","115","TATGTGTCGATTGTGTTCTTTCGCTAGACCATGTGAGACT...","DNA ligation","Zn2+"
"Seq02","115","TATGTGTCGATTGTGTTCTTTCGCTAGACCATGTGGGACT...","DNA ligation","Zn2+"
"Seq03","116","TATGTGTCGATTGTGTTCTTTCGCTAGACCATGTGAGACT...","DNA ligation","Zn2+"
"Seq04","117","TATGTGTCGATTGTGTTCTTCCGCTAGACCATGTGAGACT...","DNA ligation","Zn2+"
"Seq05","116","TATAGTCAGGCTGGTAGGGTTCTTTCGCAGAGTGCGATGT...","DNA ligation","Zn2+"
"Seq06","116","TATAGTCAGGCTGGTAGGGTTCTTTCGCAGAGTGCGATGT...","DNA ligation","Zn2+"
"Seq07","116","TATAGTCAGGCTGGTAGGGTTCTTTCGCAGAGTGCGATGT...","DNA ligation","Zn2+"
"Seq09","116","CGTTTCGTTTTGGAAGGCCTGTTGGTCCTTGTGTTCTCTC...","DNA ligation","Zn2+"
"Seq10","116","CGTTTCGATTTGGAAGGCCTGTTGGTCCTTGTGTTCTCTC...","DNA ligation","Zn2+"
"Seq11","116","CGTTTCGTTTTGGAAGGCCTGTTGGTCCTTGTGTTCTCTC...","DNA ligation","Zn2+"
"Seq13","115","CACGTACTTCTTGTAGACGTGTGGCTTTGATAGGATGTGG...","DNA ligation","Zn2+"
"Seq15","115","GTTTTTGTGTTTGACGAATACGTGTTCTTTCGCAGACCTT...","DNA ligation","Zn2+"
"Seq16","116","TTGTGGTTGTGACCGGTTAGGATAGTGTTATTTCGCAGAC...","DNA ligation","Zn2+"
"Seq17","116","TTTGGTTTCGCAGTTGGTGTGTTCGTTCGCAGACCCTTTG...","DNA ligation","Zn2+"
"Seq18","114","TGGGGATCGCGGTATTAGTGTGTGCGTACTTTGGCTGACG...","DNA ligation","Zn2+"
"Seq19","117","TTTCTTGGGCTTAAGCTCGGTTATTGTTCTTTCGCTAGAT...","DNA ligation","Zn2+"
"Seq20","116","TCAGGTGTTTTTGTTTTTCTGAGCAGGGAGTCGGTGTGTT...","DNA ligation","Zn2+"
"Seq21","115","GTCGGTTCATGTTGTTCTTTCGCCAGATGATCGCGGCGTT...","DNA ligation","Zn2+"
"E47","47","CGGATAGTGTTCTTTCGCTAGACCATGTGACGCATGGTGA...","DNA ligation","Zn2+, Cu2+"
"class I","39","GTTGGGTCACGGTATGGGGTCACTCGACGAAAATGCCGG...","RNA cleavage",""
"class II","39","AGGATTGGTTCTGGGTGGGTAGGAAGTTAGTGTGAGCCG...","RNA cleavage","Histidine"
"class III","40","CGGGTCGAGGTGGGGAAAACAGGCAAGGCTGTTCAGGATG...","RNA cleavage",""
"class IV","40","AGGATTAAGCCGAATTCCAGCACACTGGCGGCCGCTTCAC...","RNA cleavage",""
"HD1","39","GCAGTTGGGTCTGGTTGGGTAGGAAGTTAATGTGAGACG...","RNA cleavage","Histidine"
"HD2","36","TTGATCGGGGCTGTGCGGGTAGGAAGTAATAGTGAG...","RNA cleavage","Histidine"
"HD3","35","TTAACGGGGCTGTGCGGCTAGGAAGTAATAGTGAG...","RNA cleavage","Histidine"
"Cu1","69","TCTTTGCACTGTGGTATCGGGCGAGCGCTGGTCCGGAAGA...","DNA phosphorylation","Cu2+"
"Cu2","69","CCGCGGGGAGGGGGAACCAAGTGGAGCTCAGGGATGTGCA...","DNA phosphorylation","Cu2+"
"Cu3","69","TGGAGGGCAGAGGCGTTGAGGTGCCCAGCGATAAAGTTAT...","DNA phosphorylation","Cu2+"
"Cu4","70","AGTATACTGGTAGGCTGGCGAACGAAGTGATGAATAGAGG...","DNA phosphorylation","Cu2+"
"Cu5","69","GGGTGGATTGTAGGGGGTATCCTCAAGGGCCATGGGTATG...","DNA phosphorylation","Cu2+"
"Cu6","70","GCCAACGAGGTGCACAGTGGTGTCAGGTGAAAGGTGTGGT...","DNA phosphorylation","Cu2+"
"Cu7","69","GTAGACTATAAGCCGTCGAGGTGAACTGTGGTGTCGGGAG...","DNA phosphorylation","Cu2+"
"Cu8","69","GATTTGCACAGTGGTGTCAGGAGCTAGTAATTGTTCGCTA...","DNA phosphorylation","Cu2+"
"Cu9","69","TGGTGAGCTTCAGCCCACCCGATCCAACTCTCTGCACTGT...","DNA phosphorylation","Cu2+"
"Cu10","70","GGAGTCTCCGTCGGACAGTGAAGGGTTAGTATGGCGTGAC...","DNA phosphorylation","Cu2+"
"Cu11","70","CTATGGGTAACGGTCGAGGCGCACTGTGGTGTAAGGAGAT...","DNA phosphorylation","Cu2+"
"Cu12","69","GTGCAGACTTTGTCGAGGTTGCTTGCGATCGTCATAGAGG...","DNA phosphorylation","Cu2+"
"Cu13","67","TGACAGTGCGTATTGGCACTCGGGGTTGCAGGAAGTTTGC...","DNA phosphorylation","Cu2+"
"Cu15","69","GATGGTCATCGCGGGACACGCGCTTGTCGGTTTGGGCGCT...","DNA phosphorylation","Cu2+"
"Cu16","67","ACGTGGAGTCTAATGGCTGTGCGCTGTGGCATTTGGGACA...","DNA phosphorylation","Cu2+"
"Cu17","69","AATCGAGGTGCGCTGTGGCGTGGGATGAGCGCGTGGCGGC...","DNA phosphorylation","Cu2+"
"Cu18","69","GGGAGGGACGTAGACGGAAACCGGTTATTTCGTGGCGGTA...","DNA phosphorylation","Cu2+"
"Cu19","70","AGGTACCCTGGAGCCGGCGAGGTGCACTGTGGTAGTTGGA...","DNA phosphorylation","Cu2+"
"Cu20","70","TCGCACTTGTGGTAGAAGGTAACGATTTGCCTTCGGGGCC...","DNA phosphorylation","Cu2+"
"Cu21","70","TCATTCGTAGTTAGCTACGGGTTGTAAGAGGCGACAAGCT...","DNA phosphorylation","Cu2+"
"Cu22","69","GGTGGTCATCGCGGGACACGCGCTGTCGGTTTGGGCGCTC...","DNA phosphorylation","Cu2+"
"Mn1","69","TATCTGCAGGGATTTGGGAAGCAGGCTTAACTGGGGGAGG...","DNA phosphorylation","Mn2+"
"Mn2","70","ACCCGCGGGGGCGTGGAGCAATCGATTGGGAGGGCGAGCG...","DNA phosphorylation","Mn2+"
"Mn3","69","GTTGGTGATAAAGACTGCGCTAGGGTCTGCAAGGGAGGTG...","DNA phosphorylation","Mn2+"
"Mn4","68","GGGGGGCAGACATCGCATCGGAATGTTGTGGGGAACCCGG...","DNA phosphorylation","Mn2+"
"Mn5","69","ACGTGCATATCCAAGTTGCATGTGAGGAGTGGGGTGACTT...","DNA phosphorylation","Mn2+"
"Mn7","70","GGCGTAGCCGAGGAGGGGAGCTTGAGGGAGATACGCTGCG...","DNA phosphorylation","Mn2+"
"Mn8","69","GTACGTGTATGCGAAGCTAGGGTACGAGGAACGTTAAGGG...","DNA phosphorylation","Mn2+"
"Mn9","70","TCAGCCGAGGGAGAGGAGATTGCGGGTTACCGTGATGGGA...","DNA phosphorylation","Mn2+"
"Mn10","69","CTTACAGTCAGAGAGGGAGGAGGTGGGAGGACTGGTCGGA...","DNA phosphorylation","Mn2+"
"Mn11","70","GTTGGGGTGTTAAAAGGGTATGGAATGATAGGGCTATGGG...","DNA phosphorylation","Mn2+"
"Mn12","70","GAATAGATCCGAGAGAGGAATCAGTAGTGAGTGCAGGGAA...","DNA phosphorylation","Mn2+"
"Mn13","68","AGTTCCTCGGATAGGGTCTGGCATCGGCGGGAGGAAGCGG...","DNA phosphorylation","Mn2+"
"Mn14","66","GTGAAAGGCGCGGTGGGTACAGGGGAGGGGGACGCTCGCC...","DNA phosphorylation","Mn2+"
"Mn15","70","CGTATGGCGGGAGGCTCGTTAGATAGGGTGGAAGAGCTAA...","DNA phosphorylation","Mn2+"
"Mn16","68","GATGTTAAGAGATACCAGGGGTAGCCCGGGAGTGGAGGGC...","DNA phosphorylation","Mn2+"
"Mn17","69","CGTATGGCGGGAGGCTCGTTAGATAGGGTGGAAGAGCTAA...","DNA phosphorylation","Mn2+"
"Mn18","70","GTGGCGATGAATGTAAAGGGTCGGGAAACGAACCTTGTTG...","DNA phosphorylation","Mn2+"
"Mg1","70","TAGCCAGGGATCGGGAAGAGGGCGGGGGTCAAGGAGGATC...","DNA phosphorylation","Mn2+, Mg2+"
"Mg2","70","GGAGCCTCCGTCGGACAGTGAAGGGTTAGTATGGCGTGAC...","DNA phosphorylation","Mn2+, Mg2+, Ca2+"
"Mg3","70","TTAGTAAGCCTATAGCCATCGCTGGGGCTTAAGAGCAGGG...","DNA phosphorylation","Mn2+, Mg2+, Ca2+"
"Ca1","70","GTTGGGGTGTTAAAAGGGTATGGAATGATAGGGCTATGGG...","DNA phosphorylation","Mn2+, Ca2+"
"Dk2","70","ACCGGGTGTATACTACCGGTATGGACAGTGTTGTTGGATG...","DNA phosphorylation","Mn2+"
"Dk1","69","GTTGGTGATAAAGACCGCGCTAGGGTCTGCAAGGGAGGAG...","DNA phosphorylation","Mn2+"
"pH4DZ1","70","TGTATGCTAGCTCGGGGAGAAACATCTTTGCGGGATAAGG...","RNA cleavage","Mn2+"
"UV1C","42","GGAGAACGCGAGGCAAGGCTGGGAGAAATGTGGATCACGA...","Thymine dimer repair","light, Na+, K+"
"pH5DZ1","70","TGAATAGGGTCTCGGGCATAAATTACGGAAACGGTTTTAA...","RNA cleavage","Mn2+"
"pH6DZ1","70","ATCGGACAAGGGAGGCACTGGAGGTTGAGGTAGTGAGCGT...","RNA cleavage","Mn2+"
"pH7DZ1","69","GTGGAACCCATGATGAGCCGAGTTGGGGTGTGTCTCTCGT...","RNA cleavage","Mn2+"
"UV1A","95","AGGATCTACATGTAT=TGTGTGCGTACGAGTATATGGAGA...","Thymine dimer repair","light"
"UV1B","61","GGAGAACGCGAGGCAAGGCTGGGAGAAATGTGGATCACGA...","Thymine dimer repair","light"
"class 1","68","GGCGGGAGAAGGGGGGTTGGGGTCTCGAGAACATGAGGAT...","DNA capping",""
"class 2","68","AACAGAACTAACTGAAAACGGGGGAAGGCCGTGAGCGGTT...","DNA capping",""
"class 3","68","AATCTGGGAGTCGTTCCTGGGGTATTATGTCAGATGTTAT...","DNA capping",""
"class 4","70","ACTATAGGGACGGTTAGGGGAAGTAAAGTCTCTGTTGGAG...","DNA capping",""
"class 5","68","AGGTTGCCGAGAAGTTATTACAGGTCTGTTTTGGCTAAGA...","DNA capping",""
"class 6","62","AGTTAAAGGCGACTCGATGATTAGTTCCGGAAATGGTCGT...","DNA capping",""
"class 7","67","ATGTATGTCGGAAGAGACTCGTGCGGAGGTTGGGAAGTGG...","DNA capping",""
"class 8","70","CCACTATGCTTCCAAATAATTATTTGTAGAATACAGGGGT...","DNA capping",""
"class 9","70","GGAAAAGCAGATGTCAGTTAGGTGTGGAGACTAGGAGGGT...","DNA capping",""
"class 10","66","GTTGCCGGGTATTCAGTTGAGAACTCATAAGGAGTGCGGC...","DNA capping",""
"class 11","68","TAGAGTAAGCTGGGTGCATCTGGCTGTCGACCGGAGTACA...","DNA capping",""
"class 12","63","TTCCCACCTTTTACATAAGCAGATTTTGTGGATGGTAGGT...","DNA capping",""
"Dz15_group4","23","TTACAAACCCCAAACCTTCTCTT...","RNA cleavage",""
"T30695","16","GGGTGGGTGGGTGGGT","Porphyrin metalation","Pb2+"
"PS5.K","33","GAAGATCGTGGGTCATTGTGGGTGGGTGTGGCT...","Porphyrin metalation",""
"PS5.L","38","GTGTCGAAGATCGTGGGTCATTGTGGGTGGGTGTGGCT...","Porphyrin metalation",""
"PS5.G","28","TCGTGGGTCATTGTGGGTGGGTGTGGCT...","Porphyrin metalation",""
"PS5 (PS5.M)","24","GTGGGTCATTGTGGGTGGGTGTGG...","Porphyrin metalation",""
"T30695-A3","19","GGGTGGGTGGGTGGGTAAA","Porphyrin metalation","Pb2+"
"T30695-T3","19","GGGTGGGTGGGTGGGTTTT","Porphyrin metalation","Pb2+"
"Sero1 (Sero1C)","40","TAAGTCGGATGGAGGGATCCGTTGGCACATGTAGTCACGT...","Thymine dimer repair","light, Serotonin"
"Sero2","40","AGCACAGTCGCAAGACGATATGCAGGAACTTGGACAGCCG...","Thymine dimer repair","light, Serotonin"
"AA07","21","GGGTTCGGTGGAGCGGCGCGA...","RNA cleavage","Mg2+"
"AA14","21","TGGTCTCGCGGTTCCTGGTTA...","RNA cleavage","Mg2+"
"AA17","21","CCTGCAAGGAGGTTTACCGGG...","RNA cleavage","Mg2+"
"AB08","19","GGGAAGCCAGTGGTACGTT","RNA cleavage","Mg2+"
"CLICK-17","39","TTATTATGCAACTCTATGGGTCCACTCTGTGAATGTGAC...","Copper-mediated Azide-Alkyne Cycloaddition (CuAAC)","Cu2+, Cu+"
"14WM9","40","CGCAGCGAAATCGGTCTTTATAGGGGCTGTCCTCCGACGG...","Dephosphorylation","Zn2+"
"10ZA8","40","CACACGAGCGAAAGATTAGGCTGAGCTCCTGGGGACCTGC...","Ester hydrolysis","Zn2+"
"10ZA22","40","AAAGGGCGGTTTACAAACAAGTTTCACGAGTGAAGGACCC...","Ester hydrolysis","Mn2+, Zn2+"
"13ZB38","40","GGGCGGCGAACAGGATGGGAGGAGGGACCTGGCAATACCG...","Ester hydrolysis","Mg2+"
"13ZB44","40","GGGGGCGCGTCATCATCGAAAGGGGGTCCTGCATTACGCC...","Ester hydrolysis","Mg2+"
"8ZC9","40","ACAGGTCGGGAAGTTACATGCATGTCAATGTAACGGGTAC...","Amide hydrolysis","Mn2+, Mg2+, Zn2+"
"8ZC4","40","CACCGGTCGGAAAAACGAGGATTAAGCACGATATTGGTCG...","Amide hydrolysis","Mn2+, Zn2+"
"8ZC8","40","ACGGGACGGGAAGCGTCACGAAAAGTCTAGACGCGGGTAA...","Amide hydrolysis","Mn2+, Mg2+, Zn2+"
"8ZC41","41","ACGGGCCGGGAAGCGAGTCAAAAGCGTTTGAATGCGGGTA...","Amide hydrolysis","Mn2+, Zn2+"
"G8_14","43","TGATAGGCGGGCTAACCTGCCTTCGGGTTATGGTTAGTTA...","DNA cleavage","metal ion dependency not reported"
"13PB2","40","TATGACACTTATTATAAATATGCTAGTAACGGATAGGTTG...","DNA cleavage","Mn2+, Zn2+"
"7VH6","40","ACTTAGGAAGCCACGTCTATAACCGCGGGGGTGTGGGACG...","DNA cleavage","Mn2+, Zn2+"
"8VJ17","40","CCCCATGAGCCATTGTGGGTTCTACTTATGCTGTACTGAA...","DNA cleavage","Mn2+, Zn2+"
"6YR11","40","CCCCCTGCGCCAGTGAGGGCTCTACTTATGCTGTACGCAA...","DNA cleavage","Mn2+, Zn2+"
"6YR25","40","CCCCCAGACCCATTGAGGGTTTTACTTACGCTGTTCCGAA...","DNA cleavage","Mn2+, Zn2+"
"7VK55","40","CCCACCTCTGCCGCTGAGGTCCGTTAAATGTACTATCGCG...","DNA cleavage","Mn2+, Zn2+"
"8VL51","40","TGCCAGGCTAGTTTGAATCAGGAAAAAGAACACAATTCTC...","DNA cleavage","Mn2+, Zn2+"
"G8_2","49","TTATATAGTCGAGTCCATTCGAGGTAGGCGGGAACGGTAC...","DNA cleavage","metal ion dependency not reported"
"G8_5","48","GCCAGAACCTCCGTAGGCGGAAATGAGTAAACATTGTAGA...","DNA cleavage","metal ion dependency not reported"
"G8_7","50","GTTTGAGGGAGACAGATGTGGAAGGCGGGGAGATTGATTC...","DNA cleavage","metal ion dependency not reported"
"G8_9","40","AGGTAGGCGGGGAATACTAACGCTGTTCAGTATTATAGAA...","DNA cleavage","metal ion dependency not reported"
"G8_11","50","AGCAATTCTAGGATAGGCGGGAAAGTGGAATATGCGTTTC...","DNA cleavage","metal ion dependency not reported"
"G8_12","48","ATTATGGAAGACAGATGAGGGCAGGCGGGAATATACACAT...","DNA cleavage","metal ion dependency not reported"
"G8_15","46","GTATAGTGATCTCGGGTCTCTGTCTATGAAGAACTGTAGC...","DNA cleavage","metal ion dependency not reported"
"CA2 (G8_17)","50","GTAAGGGTGTCTGGGTCTCTTCTGGGGAAGAACTAGAGAA...","DNA cleavage","metal ion dependency not reported"
"G8_18","49","CTGAGTGATATAGGTGTCTGGGTCTCTTATGACGAATGTA...","DNA cleavage","metal ion dependency not reported"
"G8_22","49","GTGAGAAGTTTCAATTGGACGTGAGTCTGGGTCTCTTTGC...","DNA cleavage","metal ion dependency not reported"
"CA1 (G8_8)","50","ATAGTTAAGAGCGCGTGGTAGGCGGGAACAAATGTTTACG...","DNA cleavage","Cu2+, Ascorbate"
"G8_4","50","AGAGCTGTGGATCTGGAGCAAGGAAATCTCGGTAGGCGGG...","DNA cleavage","metal ion dependency not reported"
"G8_20","47","TGTTTAGAGGCAGGCTCTTAATGCTTCTGGGCCTCTTTTT...","DNA cleavage","metal ion dependency not reported"
"CA3 (G8_21)","50","TGTTTAGAAGCAGGCTCTTACTTATGCTTCTGGGCCTCTT...","DNA cleavage","Cu2+"
"CA3_1","49","TGTTTAGAAGCAGGCTCTTTCTTATGCGTCTGGGCCTCTT...","DNA cleavage","Cu2+"
"CA3_2","49","TGTATAGAACCAGACTCTTCCTTATGCGTCTGGGCCTCTT...","DNA cleavage","Cu2+"
"8NLJ4","40","CGCCAGATAAGTGGGGGCCTTTGCCATAGTTGTCCCTCAG...","DNA cleavage","Mn2+, Zn2+"
"8NLJ9","40","CGCTAGATAAGTGGAAGCTTTTGCCATAGTTGTCCTTCAA...","DNA cleavage","Mn2+, Zn2+"
"8NLJ11","40","CGATAGATAAGTGGGAGCCTTTGCTATAGTTGTCCCTCAA...","DNA cleavage","Mn2+, Zn2+"
"8NLJ13","40","CGCTAGATAAGTGGGGGTTTTTGCCATAGTTGTCCCTCAA...","DNA cleavage","Mn2+, Zn2+"
"8NLJ14","40","CGCTAGATAAGTGGGGGCTTTTGCTGTAGTTGTCCTCCAA...","DNA cleavage","Mn2+, Zn2+"
"8NLJ15","40","CGATAGATAAGTGGGGGCCTTTGCTATAGTTGTCCTTCTA...","DNA cleavage","Mn2+, Zn2+"
"9NL2","40","CGATAGATAAGTGGGGGCCTTTGCTGTAGCTGTCCCTCGA...","DNA cleavage","Mn2+, Zn2+"
"9NL5","40","CGATAGATAAGTGGGAGCCTTTGCTATAGTTGTCCCTCGA...","DNA cleavage","Mn2+, Zn2+"
"9NL8","40","CGCCAGATAAGTGGGAGCCTTTGCTAAAGTTGTCCCTCAA...","DNA cleavage","Mn2+, Zn2+"
"9NL10","40","CGATAGATAAGTGGGCGCGTTTGCTATAGTTGTCCTACGA...","DNA cleavage","Mn2+, Zn2+"
"9NL17","40","CGACAGATAAGTGGGAGCCTTTGCTGTAGTTGTCCCTCAA...","DNA cleavage","Mn2+, Zn2+"
"9NL19","40","CGCAAGATAAGTGGGAGCCTTTGCTATAGTTGTCCCTCAA...","DNA cleavage","Mn2+, Zn2+"
"9NL20","40","CGCTAGATAAGTGGGAGCTTTTGCTATAGTTGTCCCTCAA...","DNA cleavage","Mn2+, Zn2+"
"9NL26","40","CGATAGATAAGTGGGAGCTTTTGCCATAGTTGTCCCTCAA...","DNA cleavage","Mn2+, Zn2+"
"9NL27","40","CGATAGATAAGTGGGAGCCTTTGCCATAGTTGTCCCTCAA...","DNA cleavage","Mn2+, Zn2+"
"9NL29","40","CGCCAGATAAGTGGGAGATTTTGCCATAGTTGTCCCTCAA...","DNA cleavage","Mn2+, Zn2+"
"9NL33","40","CGATAGATAAGTGGGAGCCTTTGCTATAGTTGTCCCTCGA...","DNA cleavage","Mn2+, Zn2+"
"8NLE1","39","CCTTAGATAAGTGGAACCTTTTGCTATAGCTGTCCTTAA...","DNA cleavage","Mn2+, Zn2+"
"8NLE2","40","CGCCAGATAAGTGGAGGCTTTTGCTATAGCTGTCCTTCAA...","DNA cleavage","Mn2+, Zn2+"
"8NLE3","40","CGCTAGATAAGTGGGCGCGTTTGCTATAGCTGTCCTACGA...","DNA cleavage","Mn2+, Zn2+"
"8NLE4","40","CGACAGATAAGTGGAAGCTTTTGCCATAGTTGTCCTTCAC...","DNA cleavage","Mn2+, Zn2+"
"8NLE5","40","CGCTAGATAAGTGGGGGCTTTTGCTATAGCTGTCCCTCAT...","DNA cleavage","Mn2+, Zn2+"
"8NLE6","40","CGATAGATAAGTGGGAGCCTTTGCTATAGCTGTCCCTCAA...","DNA cleavage","Mn2+, Zn2+"
"8NLE7","40","CGCCAGATAAGTGGGGGTTTTTGCTAGAGCTGTCACCCAT...","DNA cleavage","Mn2+, Zn2+"
"8NLE8","40","CGATAGATGAGTGGAGGCTTTTGCTATAGCTGTCCTCTAA...","DNA cleavage","Mn2+, Zn2+"
"8NLE9","40","CGATAGATAAGTGGGAGACTTTGCTATAGCTGTCCCTCGA...","DNA cleavage","Mn2+, Zn2+"
"8NLE10","40","CGATAGATAAGTGGGCGCGTTTGCTATAGCTGTCCTACGA...","DNA cleavage","Mn2+, Zn2+"
"8NLE11","40","CGCCAGATAAGTGGATGTGTTTGCCATAGCTGTCCTACAA...","DNA cleavage","Mn2+, Zn2+"
"8NLE12","40","CGCGAGATTAGTGGAGCCTTTTGCTATAGCTGTCCTCCAA...","DNA cleavage","Mn2+, Zn2+"
"8NLE16","40","CGATAGATAAGTGGGTGCGTTTGCTATAGCTGTCCCTCAG...","DNA cleavage","Mn2+, Zn2+"
"8NLE17","40","CGAAAGATAAGTGGAAGATTTTGCTACAGCTGTCCTTTAA...","DNA cleavage","Mn2+, Zn2+"
"8NLE18","40","CGCGAGATAAGTGGAGGCTTTTGCTATAGCTGTCCTTTAA...","DNA cleavage","Mn2+, Zn2+"
"8NLE20","40","CGCCAGATAAGTGGGGGTCTTCGCCATAGTTGTCCCACCA...","DNA cleavage","Mn2+, Zn2+"
"8NLE21","40","CGCTAGATAAGTGGGGGTTTTTGCTATAGCTGTCACCCAC...","DNA cleavage","Mn2+, Zn2+"
"8NLE22","40","CGCTAGATAAGTGGATGAGTTTGCTATAGCTGTCCTACAA...","DNA cleavage","Mn2+, Zn2+"
"8NLE23","40","CGTTAGATAAGTGGAGCCTTTTGCCATAGCTGTCCTTCCA...","DNA cleavage","Mn2+, Zn2+"
"8NLE25","40","CGATAGATAAGTGGATGTGTTTGCTAAAGCTGTCCTACAA...","DNA cleavage","Mn2+, Zn2+"
"8NLE27","40","CGACAGATAAGTGGGAGCCTTTGCTAAAGCTGTCCCTCAA...","DNA cleavage","Mn2+, Zn2+"
"8NLE28","40","CGCGAGATAAGTGGATGTGTTTGCTATAGCTGTCCTACAA...","DNA cleavage","Mn2+, Zn2+"
"8NLE29","40","CGTTAGATGAGTGGATGTGTTTGCTAAAGCTGTCCTACAT...","DNA cleavage","Mn2+, Zn2+"
"8NLE30","40","CGCTAGATAAGTGGATGAGTTTGCTATAGCTGTCCTACAG...","DNA cleavage","Mn2+, Zn2+"
"8NLE31","40","CGTCAGATAAGTGGATGTGTTTGCTATCGCTGTCCTACAG...","DNA cleavage","Mn2+, Zn2+"
"8NLE33","40","CGCCAGATAAGTGGATGTGTTTGCTAAAGCTGTCCTACAG...","DNA cleavage","Mn2+, Zn2+"
"8NLE34","40","CGCCAGATGAGTGGAACCTTTTGCTCTAGCTGTCCTTCAA...","DNA cleavage","Mn2+, Zn2+"
"8NLE35","40","CGACAGATAAGTGGGAGACTTTGCTATAGCTGTCCCTCGA...","DNA cleavage","Mn2+, Zn2+"
"8NLE36","40","CGCCAGATAAGTGGATGTGTTTGCTATAGCTGTCCTACGA...","DNA cleavage","Mn2+, Zn2+"
"8NLE37","40","CGCTAGATAAGTGGAGCCTTTTGCTAGAGTTGTCCTTCAA...","DNA cleavage","Mn2+, Zn2+"
"11GV112","40","GCCTATCAGAATAGCGCTTACTGAGTACTTCGGGCGTGAA...","Glycosylation","Mn2+, Zn2+"
"11GV103","40","CGCTTTGCTCGGCAGTACAGTGGAGGCCGCGTAGCGCCCC...","Glycosylation","Mn2+, Zn2+"
"16MJ132","40","CGCCGTTTCTACTTGTAGTTTGGACGACGGTGTGGTACAC...","Glycosylation","Mn2+, Zn2+"
"16MJ101","40","CTTACCAGAACGACTTGTTCCTGGAGGGGTGTGTTGGGAC...","Glycosylation","Mn2+, Zn2+"
"3'Kin1","40","GAAACGCACACGGAATCGCCAGCGAGCTATCGAAGCAGTG...","DNA phosphorylation","Mn2+"
"8CK105","50","GGACCGTCTCGTTAGGAAGATTACGACGCCTTCCTCATGG...","Tyrosine Phosphorylation","Mn2+, Mg2+, Zn2+"
"11JX109 (AmideCa1)","40","AACGCAGAGGTTAGTACGAAGTAGTCAGCGCGGGGATTGA...","Amide hydrolysis","Mg2+, Zn2+"
"14JY110 (AmideHy1)","40","CCTGCTCGAAAGAACTGGTTACCGGAACGGGTGGGTGGCA...","Amide hydrolysis","Mn2+, Mg2+, Zn2+"
"14JY115 (AmideHy2)","40","GCTGCCCCTTGAATCTCCCCCTCGGTGGAGAGGTTGACGA...","Amide hydrolysis","Mn2+, Mg2+, Zn2+"
"14JY121 (AmideHy3)","40","GCTGCCCCAAAGTAGGAGAGAATAACCCCGGTCTGACGAT...","Amide hydrolysis","Mg2+, Zn2+"
"8DW113","40","CCAGACCGCCAATTTAAAAGGGGCTTCTGGTGCTCGGGGG...","Covalent Modification of Amino Acid Side Chains","Mn2+, Zn2+"
"8DW115","40","CCGGCGAAATCTACTACGGGTATAACGAGATGCGGACACG...","Covalent Modification of Amino Acid Side Chains","Mn2+"
"8DW120","40","AGGGGAACGGAGAGAAACGAATAGTACGCGAGTGCGTAGC...","Covalent Modification of Amino Acid Side Chains","Mn2+"
"8CK128","50","GCAACGGATCGCACACGCCGACGGCGTACTAGAACTACGT...","Tyrosine Phosphorylation","Mn2+, Mg2+, Zn2+"
"7CH102","40","GCACCGAATCGTATCGGACGGACGGGTTGTCGGAAGCGAT...","Tyrosine Phosphorylation","Mn2+, Mg2+, Zn2+"
"7CH104","40","GGAACGTGTCGCTAAAGTCTGGCATTACCCAGAGACCTCG...","Tyrosine Phosphorylation","Mn2+, Mg2+, Zn2+"
"6CF127","30","GACGGAACAAATCGAGTCAGAACGCAACAG...","Tyrosine Phosphorylation","Mn2+, Mg2+, Zn2+"
"6CF134","30","GGGGACAGGCAGCTCCACCGATGGGCACCG...","Tyrosine Phosphorylation","Zn2+"
"16EC103","50","TGGGAGACGTGTCCAATATGAATAGCGCGCTTCCGAATCA...","Tyrosine Phosphorylation","Mn2+, Mg2+, Zn2+"
"21EB121","40","TCAGTCGACTTCGTGTGGCTTTGCGTTTAAAGAGGTAAGC...","Tyrosine Phosphorylation","Mn2+, Mg2+, Zn2+"
"8EA101","30","GTAGGGGGGACCGTAGCTTCAGCGTGACAG...","Tyrosine Phosphorylation","Mn2+, Mg2+, Zn2+"
"7DX107","40","AGCAGCAATATGTCGCGGTATAGAGAGGATTGACTTGCGT...","Covalent Modification of Amino Acid Side Chains","Mg2+"
"TyrKinA2","40","GTACCAATTGAGGAGGCGGGCTCGTCACGAAATAGTGACG...","Tyrosine Phosphorylation","Mn2+, Mg2+, Zn2+"
"TyrKinA3","40","GTGGGCGACGATACCAAGGTCAGGACCCTGGTAGAGCCGC...","Tyrosine Phosphorylation","Mn2+, Mg2+, Zn2+"
"TyrKinB1","80","GGTGGCACATACCAGATCCGGTGCCCACCAGGATGGGTTC...","Tyrosine Phosphorylation","Mn2+, Mg2+, Zn2+"
"TyrKinC1","40","TGGGCGAAGTAAGCTTCTCAGGGGTGCACTGCACCGGTTC...","Tyrosine Phosphorylation","Mn2+, Mg2+, Zn2+"
"8VM1","40","GACTGCGGGAGCGGTGAGCGGGTAGGTCTACATGAGGGCT...","Covalent Modification of Phosphorylated Amino Acid Side Chains","Mn2+, Mg2+"
"8VP1","40","GGACACGATGAGTGACTAAGTGGAATGAGGAAAGCACGAG...","Covalent Modification of Phosphorylated Amino Acid Side Chains","Mn2+, Mg2+"
"DhaDz1","39","ACAGGTGGCGGATGTAGTTTACCCGTTTTCTGTAGAGCC...","Covalent Modification of Phosphorylated Amino Acid Side Chains","Mn2+, Mg2+, Zn2+"
"DhaDz2","39","ACAGGATTCAAAGTGGCTGTCAGAAGTTGGTGAGGGAAG...","Covalent Modification of Phosphorylated Amino Acid Side Chains","Mn2+, Mg2+, Zn2+"
"6YJ10","40","CGCAGCGGGGTGAAACGCGGTGAGAACTCGAATGTCGTTT...","DNA cleavage","Zn2+, Ce3+"
"6YJ14","40","GTGGTACGGGGTGTAGTAGGCACGACGCCCTGCTCCATGG...","DNA cleavage","Zn2+, Ce3+"
"7YK24","40","GCGAGGGGCAAGCGCGAGAACCATGATACTCGCGACTAAG...","DNA cleavage","Zn2+, Eu3+"
"7YK34","40","CCCCCGGTCATGGGTCAAGCAGAGCGAGGAGAATGAAAGG...","DNA cleavage","Zn2+, Eu3+"
"7YK35","40","CCCCCGCAAAGAGAAGCAAGGGGGACCGCTTTGAATACGG...","DNA cleavage","Zn2+, Eu3+"
"6YL4","40","TGGGGGCTAGCCGAGAGCAAAGCCATGCAAAACGAGGACC...","DNA cleavage","Zn2+, Yb3+"
"6YL11","40","GCAGGCGAGTACGGCACAACAGACCTATACAACTAGGTCC...","DNA cleavage","Zn2+, Yb3+"
"6YL24","40","CAAGGGTCCAACAGCCAGGTCAAGTTGCCCGCAGCTGGCC...","DNA cleavage","Zn2+, Yb3+"
"6YL34","40","GCAGGCGAGCACGGCATGAAAAGAATGTTAATACCATTCT...","DNA cleavage","Zn2+, Yb3+"
"9DT105","40","GTGCAGGATAGCACTGGGATCCGGTACGCCTCGGAGGGTT...","Covalent Modification of Amino Acid Side Chains","Mn2+, Zn2+"
"14DV103","40","AGCGAGCGGCATGATGTCGAACATCGATCATTATGTGTGA...","Covalent Modification of Amino Acid Side Chains","Mg2+"
"SerB2","51","CTACAGTCGAGTAATGTAGTCAGCAAGATCGTCAACGCAG...","Covalent Modification of Amino Acid Side Chains","Mn2+"
"TyrB1","50","CGCCATTGTGGGTACAAAATGCGCCCGAGAAGTTCGCAGT...","Covalent Modification of Amino Acid Side Chains","Mn2+"
"8XJ105","40","GGGAGATGTCTCTCAGACGGAAACTTTCAGTACGGAATGG...","Covalent Modification of Amino Acid Side Chains","Mn2+, Mg2+, Zn2+"
"11EM103","40","GTCGCCAGTCTCTGCTGCCTTGGTCATCAACCTTTCTGTC...","Covalent Modification of Amino Acid Side Chains","Mn2+, Mg2+, Zn2+"
"11EP101","40","TGTGGGCCGTAAATCGCTTGCGGTGCTTTTTGGATGGGGT...","Covalent Modification of Amino Acid Side Chains","Mn2+, Mg2+, Zn2+"
"11EP103","40","AGGTTGGGGGCGTAGTTGCTTTTGGGCGAATATGCTTGGC...","Covalent Modification of Amino Acid Side Chains","Mn2+, Mg2+, Zn2+"
"11EP111","40","GGAGTCCTGTTTGAGTCGGCTATCCCGTTAATGGCGGGTA...","Covalent Modification of Amino Acid Side Chains","Mn2+, Mg2+, Zn2+"
"11EP125","40","TCGGGGAATCGTGGGTGGCCCAAATGTGTTAATGAAGAAG...","Covalent Modification of Amino Acid Side Chains","Mn2+, Mg2+, Zn2+"
"6SE3","40","CGCTAGATACGTGAATGTGTTTGACAGAGCCGGTCATCAA...","RNA cleavage","Mn2+, Mg2+, Zn2+"
"6SE10","40","CGATAGATAACGGGGTGGATTTGCAACCGCAGTACATATA...","RNA cleavage","Mn2+, Mg2+, Zn2+"
"6SE11","40","GGCTAGAGAAGCGAGTGTGTTTGCTACAACGGGCCGTTAA...","RNA cleavage","Mn2+, Mg2+, Zn2+"
"6SE12","40","CGATAGATACGTAGGAGCGTTAGCTATAGCCGTACATAGA...","RNA cleavage","Mn2+, Mg2+, Zn2+"
"6SE15","40","GGCCATATAACTCGGAGAGTTTCCTAGAGCTGTGCGTGAA...","RNA cleavage","Mn2+, Mg2+, Zn2+"
"6SE22","40","GGCTAGGGAAGCGGCTACGTACACCTCAGCGGGCACATAA...","RNA cleavage","Mn2+, Mg2+, Zn2+"
"6SE30","40","GGCTAGAGAAGCGGATGAGTTTCCTATAGATATCCGGCCA...","RNA cleavage","Mn2+, Mg2+, Zn2+"
"9SE20","40","CGCTAGATAAGTGGGCGCGTTTGCTGTAGTTGTCCTACGA...","RNA cleavage","Mn2+, Mg2+, Zn2+"
"9SE22","40","CGCTAGATAAGTGGATGCGTTTGCTGTAGTTGTCCTTCAA...","RNA cleavage","Mn2+, Mg2+, Zn2+"
"9SE23","40","CGCCAGATAAGTGGAGGCTTTTGCTAGAGTTGTCCTTTAA...","RNA cleavage","Mn2+, Mg2+, Zn2+"
"9SH2","40","CCCTATACAAGTGGGAGGATTAGCCATAGGCGTGGGGCAA...","RNA cleavage","Mn2+, Mg2+, Zn2+"
"9SH3","40","GGCTAGAATAGTGGGGGCGATTGATCTAGGGGGCGCTTAA...","RNA cleavage","Mn2+, Mg2+, Zn2+"
"9SH5","40","CCCTAGATAAGGGGGTGCGTATTCTTTGGGTGCCCCGAAA...","RNA cleavage","Mn2+, Mg2+, Zn2+"
"9SH18","40","AGGCAGAAAAGTGGGTACTCTTGTTAGAGCTCTACATATA...","RNA cleavage","Mn2+, Mg2+, Zn2+"
"9SK1","40","GGAGAGCTCGTGTGTGAGAGCATTAAGTGAACTGACTGGT...","RNA cleavage","Mn2+, Mg2+, Zn2+"
"9SK2","40","TACGGACGGGGCGTAGCGGATTGAACTGCAGAGCAGAGTG...","RNA cleavage","Mn2+, Mg2+, Zn2+"
"9SK5","40","GGGGCAGTAGGAGGTTAGGCCAGGGAGAGAGGAAGGTAGG...","RNA cleavage","Mn2+, Mg2+, Zn2+"
"9SK17","40","GCCAGCGATCAAAGACGGCGAGTTGTACCCATAGGTGTCT...","RNA cleavage","Mn2+, Mg2+, Zn2+"
"9SK29","40","GAGAGTGTACGGTTACGCACTAGCTAACAGGAGTTCGTGC...","RNA cleavage","Mn2+, Mg2+, Zn2+"
"9SK31","40","CCGGGCTGCGAAGTTGGCGATAAGCTACCGTAGGACGCTT...","RNA cleavage","Mn2+, Mg2+, Zn2+"
"DzAz1b","40","ACCCTTCACAGCAAACAAGGGGGGCGGGCCACCGTGACCC...","Tyrosine azido‐adenylylation","Mn2+, Mg2+, Zn2+"
"DzAz1c","40","AAGCACCAATGCGATGGACGGGGGCGGGCCACCGTGACAC...","Tyrosine azido‐adenylylation","Mn2+, Mg2+, Zn2+"
"DzAz2","40","GCACATACCGAATCAGAGCGGTGGCCAGGACATGAGATAA...","Tyrosine azido‐adenylylation","Mn2+, Mg2+, Zn2+"
"DzAz7","40","GCATACTGTTAGGGCTACAGATATACGTATATCTGCGCTA...","Tyrosine azido‐adenylylation","Mn2+, Mg2+, Zn2+"
"DzAz8","40","ATCGTCTCTAACTCTGGGGGCATAGGGCTGCCCGTGACTA...","Tyrosine azido‐adenylylation","Mn2+, Mg2+, Zn2+"
"DAB22","36","GTGAGCTCGTGGCAGGTCGTAGGTGCAAGCCCCCAC...","Diels-Alder","Mn2+, Mg2+, Zn2+, Ca2+, Cu2+, Co2+"
"RadDz6","100","TAAGATAAACACACCGGCCGTCACGCTGCCTCAGACGGTG...","DNA cleavage","Mg2+, Zn2+"
"9R20","22","GGAGCGACACACAGACCTGTTC...","RNA ligation","Mn2+, Mg2+"
"Ag2","6","GGGATT","RNA cleavage","Ag+"
"Ag3","21","GGGGGGCGGAAGGGCTGCGCT...","RNA cleavage","Ag+"
"Ag4","25","GCGGAACCCACCTACACGGATGGCT...","RNA cleavage","Ag+"
"Ag5","15","GGAACACACCCGGGG","RNA cleavage","Ag+"
"Ag6","5","GGTGG","RNA cleavage","Ag+"
"Ag7","50","CATAGCAGAGCGTCTAGAGATGTAAGTAAATCTTTTCTCA...","RNA cleavage","Ag+"
"Ag8","20","GGCGGACTGGGTGGCTGTGG","RNA cleavage","Ag+"
"Ag9","49","TAGGCCTTAAACCCGTTGTAGGATTTGTAAGTCATTACTC...","RNA cleavage","Ag+"
"Ag10","49","TAGGTGATTTCCACGATAGAGAAACTATTATGCGGAAACA...","RNA cleavage","Ag+"
"Ag11","5","GTCCG","RNA cleavage","Ag+"
"Ag12","22","GTCAACGACCGGGCCGGAAACT...","RNA cleavage","Ag+"
"Ag13","27","GAGCATGAAGGCTCCATAAGTCGCGGG...","RNA cleavage","Ag+"
"Ag14","50","TTAGAACTTAAATTCACGTAGCGCCAAGGGGTGATATGAG...","RNA cleavage","Ag+"
"Ag15","23","GCGGTTAATTGAGTCGCACCGAC...","RNA cleavage","Ag+"
"Ag16","6","ACCGAC","RNA cleavage","Ag+"
"Ag17","21","GCACGGGGCGACATGTGGATT...","RNA cleavage","Ag+"
"Ag18","21","TGGCGTCACAGGATCGCGGTT...","RNA cleavage","Ag+"
"G8_1","49","GCAGCCAAGGGTAGGAGCTGGAGGATGACAGGCGGGGTGA...","DNA cleavage","metal ion dependency not reported"
"Ag10c","38","TAGGTGATTTCCACGATTATGCGGAAACAGGGCAGCGT...","RNA cleavage","Ag+"
"G8_3","53","TCTCACGTCAGGAGGGTAGACTGGTAGCGATAGGCGGCGG...","DNA cleavage","metal ion dependency not reported"
"G8_6","45","GTTAGAACCTCGTAGGCGGAAATGAGTAAACATGTAGAAG...","DNA cleavage","metal ion dependency not reported"
"G8_10","48","GTATGGGGTATATCTGAAGGCGGAAATAGCTATTGGGCTG...","DNA cleavage","metal ion dependency not reported"
"G8_13","43","TGATAGGCGGCTAACCCTGCTTACGGGTTATGGTTAGTTA...","DNA cleavage","metal ion dependency not reported"
"G8_16","43","GTATAGTGATCTGGGTCTGTCTATGAAGAACTGTAGCCAT...","DNA cleavage","metal ion dependency not reported"
"G8_19","46","TGTTTAGAAGCAGGCTCTTACTTATCTTCTGGGCCTCTTT...","DNA cleavage","metal ion dependency not reported"
"G8_23","39","TGTTTAGAACGAGGCTCCTACTTCTGGCCTCTTTTAGAC...","DNA cleavage","metal ion dependency not reported"
"8LV2","49","ATGACTGTAGGAGCGGACGCTAAGCCTTTAGACTCGCAGT...","DNA ligation","Mn2+"
"10-18","57","CTAACCATTATCCTCGATTGTTAGAGCGAACAGCTGCAAC...","RNA ligation","Mg2+"
"7Q5","19","TTTGTGGAGGTAAGCTCTG","RNA ligation","Mg2+"
"7P4","20","TTCGGTGGAGGTAAGCTCTG","RNA ligation","Mg2+"
"7Q2","20","TTCTGCGCAGGTAAGCTGTA","RNA ligation","Mg2+"
"7Z48","40","ACGGGGCCGGTTTGCGTGCCTGATTGGGAGGTTAGCTCTA...","RNA ligation","Mg2+"
"9A12","40","CTTTACGGTAGGGTGCCTGTGATAATGATCAGGGGACGGC...","RNA ligation","Mg2+"
"9A2","40","TGCGTTCTGATGAATTGCACATAGCTTATAGTTCCTTGCT...","RNA ligation","Mg2+"
"9F18","40","GGGATGTGGGGCGCCACCAAGTTAATGTTTGGTTTGGGGA...","RNA ligation","Mn2+, Mg2+"
"7DE5","40","GTAGGGTTGGTAGACCAGGTTGAGCCGGCGTCCTTGTTTA...","RNA ligation","Zn2+"
"12BB1","40","CCGCTCCGATTGGTGGAGTCTATTGGGGCCTGTAGGCGAG...","RNA ligation","Zn2+"
"12BB5","40","CAGCGCGATTGAGTGCGTGATTGAAGCTCGGGGTTGGTTA...","RNA ligation","Zn2+"
"12BB8","39","CACGCTGACTAGCTTCGTGAGGGGGTGTGATAGATGCGG...","RNA ligation","Zn2+"
"6J2","40","TGCACGGGGGGTGAGGTTTCCGCCGTTGAAACGTAGCACG...","RNA ligation","Zn2+"
"8LX1","50","GACGCCACCGAAGTCGCCATCTCCCGTAGGTGAAGGGCGT...","RNA ligation","Mn2+"
"8LX6","50","CAGTGCAGGGCGTGAGGGCTCCATCCCCAGTGCAGGGCGT...","RNA ligation","Mn2+"
"A3-T30695","19","AAAGGGTGGGTGGGTGGGT","Porphyrin metalation","Pb2+"
"13LS3","50","CAACATAAGGGAGGAGCAAATGAAAAATGTCAGGCGCAGT...","Covalent Modification of Amino Acid Side Chains","Mn2+"
"10-20","57","CTACCCATTATTCACGAATGATAGCACGAATAGTGTGAAC...","RNA ligation","Mg2+"
"10DM10","31","CCTGTGGCAAAGGGCGTGAGGGTACTGTTCC...","RNA ligation","Mg2+"
"7DM12","31","CATTATGCCCAGGGCGTGAGGGTGCGGTTCC...","RNA ligation","Mg2+"
"8BH41","39","AGGGACAAACCATAAGTCGCATCGGGTGGAACGTAGACC...","RNA ligation","Mg2+"
"G5_1","50","TCACACATCTCTGAAGTAGCGCCGCCGTATGTGACGCTAG...","RNA cleavage","Pb2+"
"G5_7","50","TCTGCTCTCCTCTATTCTAGCAGTGCAGCGAAATATGTCG...","RNA cleavage","Pb2+"
"G5_8","50","TTGCCCAGCATAGTCGGCAGACGTGGTGTTAGCGACACGA...","RNA cleavage","Pb2+"
"Mg5 (class 2)","74","AGCACGCATGACTTTGATGCCACGTAAAGTGAAAGAGCTG...","RNA cleavage","Ca2+"
"class 14_sel_b","64","GTGGGCGGAGTTTACCCAAGAAGGGGTGGAGACGCGTCCT...","RNA cleavage",""
"class 19_sel_c","73","TAGCAGGGGGGGAAAAAAGTCTATCGCGTAATAGATACGA...","RNA cleavage",""
"17-E","15","TCCGAGCCGGTCGAA","RNA cleavage","Zn2+"
"Na24","43","TTTACCCAAGAAGGGGTGCAACCATTGCCTAACCTAATCA...","RNA cleavage",""
"10FN10","70","TAGCTATCCGGTACTAAGGGGCCTGACTCATTAGACCCAC...","DNA depurination","IO4-"
"Tyr13","49","GGTCAACAGTTTGGTTGGTTAAGTAGGGGGCCCCGCAGTG...","Covalent Modification of Amino Acid Side Chains","Mg2+"
"9HR17","49","CAGCTATATGTGCTGGACTGAGAGGGGTAGTTTCGCAGTG...","RNA ligation","Mg2+"
"Seq08","116","TATAGTCAGGCTGGTAGGGTTCTTTCGCAGAGTGCGATGT...","DNA ligation","Zn2+"
"Seq12","116","CGTCTTGCTGGGTTTTTGCTCGGTATCGTTCTTTCGCTAG...","DNA ligation","Zn2+"
"Seq14","116","GAGCGTGGCTAACTGGATAGTGGTCTCTCGCTAGACACCT...","DNA ligation","Zn2+"
"Cu14","69","GTCGAGGTGCACTGTGGTGGAAGGATTTGGGGCATCATAA...","DNA phosphorylation","Cu2+"
"Mn6","69","ATGAAGGGGAGATTAATCATGGTTGACCGGAACGGTCTGG...","DNA phosphorylation","Mn2+"
"PS5.ST1","33","TCGTGGGTCATTGTGGGTGGGTGTGGCTGGTCC...","Porphyrin metalation",""
"Dz27_group1","23","CTACCCTCAAGCGACTTCTCTCG...","RNA cleavage",""
"T3-T30695","19","TTTGGGTGGGTGGGTGGGT","Porphyrin metalation","Pb2+"
"clone 3.5","40","AAAAGAATGCTCATCCTGGGGTAGGCATGAAGCGGGGCCG...","Porphyrin metalation",""
"clone 6.23","40","TGCTCGACTATTGAGTCAGGGGGTTGGGGCAACAATAAGC...","Porphyrin metalation",""
"AC17","20","GGGTCTCCAGCCGGACGTTA","RNA cleavage","Mg2+"
"10ZA18","40","CCCCACGCGTAATGGGCACAATTCTTTGAGCTGTAATGCT...","Ester hydrolysis","Mn2+, Mg2+, Zn2+"
"13ZB37","40","GGGGCAGCGAGCGTAAGCTGGGGGACCTGCTATTAGCTGC...","Ester hydrolysis","Mg2+"
"8ZC30","40","ACGGGTCGGGAAGTCCCCTCCTAGGAGGTGGACGGGTCTA...","Amide hydrolysis","Mn2+, Zn2+"
"10MD5","40","CGCTAGATAAGTGGGTGCGTTTGCTATAGCTGTCCCTCAA...","DNA cleavage","Mn2+, Zn2+"
"CA3_3","49","TGTTTAGCAGCGGGCTCTTACTTGTGCTTCTGGGCCTCTT...","DNA cleavage","Cu2+"
"9NL1","40","CGACAGATAAGTGGAGACTTTTGCCATAGTTGTCCTCTAA...","DNA cleavage","Mn2+, Zn2+"
"9NL15","40","CGATAGATGAGTGGGGGATTTTGCCATAGTTGTCCCTCGA...","DNA cleavage","Mn2+, Zn2+"
"8NLE24","40","CGATAGATAAGTGGGAGCCTTTGCTAAAGCTGTCCCTCAA...","DNA cleavage","Mn2+, Zn2+"
"8QA124","40","AAGGGGCAGTGCTAAACGTGGACAGGAATCATAAGTGTCA...","Reductive amination","Ni2+, NaCNBH3, NaIO4"
"8JV105 (AmideAm1)","40","AGAGCGGGACTACGCAGTCACGCGAATCGCTAGTACGTGG...","Amide hydrolysis","Mg2+, Zn2+"
"11JX104 (AmideCa2)","40","AACGCAGAGGTTAGCACGAACTAGTCAGCGCGGGGATTGA...","Amide hydrolysis","Mn2+, Mg2+, Zn2+"
"TyrKinA1","40","GTGAACGGCACAATATTAATATTTGCGACATCTGGAAGGC...","Tyrosine Phosphorylation","Mn2+, Mg2+, Zn2+"
"TyrKinB2","80","GTGGAAGCGCACGTTCACCGCAAATGCCCCAGATTCCCCC...","Tyrosine Phosphorylation","Mn2+, Mg2+, Zn2+"
"14JS101","40","TGAGCCCTTGCGAGAGACATGGGTCAGGACGGACAGAGGG...","Tyrosine Phosphorylation","Mn2+, Mg2+, Zn2+"
"9DT114","40","TAGCTGTCTAGGACCTATCGTACTGAGAATCATTCCAAAG...","Covalent Modification of Amino Acid Side Chains","Mn2+, Zn2+"
"SerB1","50","ACGCCGTGTGTCTTACCGCGTACAGCGAATAGTTCGCAGT...","Covalent Modification of Amino Acid Side Chains","Mn2+"
"6SE20","40","GGCTAGAGCAGCGGGTGTGTTTGCTATACCCGGCCCTATA...","RNA cleavage","Mn2+, Mg2+, Zn2+"
"9SE33","40","CGCCAGATAAGTGGAGACTTTTGCTATAGTTGTCCTTGTA...","RNA cleavage","Mn2+, Mg2+, Zn2+"
"9SH25","40","CGCCCGTTGGCAGGGTGCGCTTGTTATCGTTGTCCTGCAG...","RNA cleavage","Mn2+, Mg2+, Zn2+"
"DzAz1","40","AACCACCTTTGTATAGTTGGGGGGCGGGCCACCGTGACAC...","Tyrosine azido‐adenylylation","Mn2+, Mg2+, Zn2+"
"10-28","48","TGGCGACTACAAAGATATTCTCGGGCAGTTAATGCTTATT...","DNA depurination","Mn2+, Mg2+, Ca2+, Ba2+"
"RadDz3","40","TAAGGGAGGTACGATACACGCCACTTGCACGTTGTGGCGA...","DNA cleavage","Mg2+, Zn2+"
"Ag1","21","AACGCGCACGGCGGAACCCAC...","RNA cleavage","Ag+"
"Ag19","25","CGGCGAGATGTGTAGGCCGGGATTT...","RNA cleavage","Ag+"
"9DB1","40","GGATCATACGGTCGGAGGGGTTTGCCGTGAACATTCTTCA...","RNA ligation","Mg2+"
"Lu12","99","CTGCAGAATTCTAATACGAGTCACTATAGGAAGATGGCGA...","RNA cleavage","Nd3+"
"F-8","49","AGTGTTCCGTGGATGGAGCAATAGTCTCCCGGGTCCGTAT...","DNA cleavage","Mn2+, Cu2+"
"NaA43","109","GTTCAGACTAATCATCACGTATAGGAAGTACCGCATGGTA...","RNA cleavage","Na+"
"S3","20","AAATCCAGGGTTGGCCGACA","RNA cleavage","Mn2+"
"S22","19","CAGGTAGGGGTCCCGGTCA","RNA cleavage","Mn2+"
"S23","20","GGGTTCATCAAGGGGTATGG","RNA cleavage","Mn2+"
"S9","20","TACTGCTTTACTGGCGGCCA","RNA cleavage","Mn2+"
"NaA43E","61","GCGGCGGTACCAGGTCAAAGGTGGGTGAGGGGACGCCAAG...","RNA cleavage","Na+"
"S13","20","GGACAAGAGAAAGAGGTTGA","RNA cleavage","Mn2+"
"I-R1 (Class I)","44","GGTGCTACAGCCATAGTTGAGCAATTAGTTGAAGTGGCTG...","DNA cleavage","Zn2+"
"I-R2 (Class I)","55","AGTCAGAAAGATAATCTTAGTTGAGATCAGCGTTGAAGAG...","DNA cleavage","Zn2+"
"I-R3 (Class I) - bimolecular","77","AGTCAGAAAGATAATCTAGTTGAGCTGTCTGCATCACGAG...","DNA cleavage","Zn2+"
"II-R1 (Class II) - bimolecular","92","GGTAACGAACGTAGGAGCATCTTTGGCGTACAATCCGACG...","DNA cleavage","Zn2+"
"DEC22-18","109","GATGTGTCCGTGCFAQGGTTCGATTCTTGATCGTTGTCAT...","RNA cleavage","Co2+"
"DET22-18","58","AAGAATCGTTGTCATTGGCACACGGAGGTTTACTGAGTGG...","RNA cleavage","Co2+"
"10-13","39","CACACGUGUGUGACGGCCUCGCGCGCCCGCCCUGCCGUA...","RNA cleavage","Hg2+"
"Clone39","49","TGCAGTCGGGTAGTTARACCGACCTTCAGACATAGGCAGG...","RNA cleavage","UO22+"
"S19","20","TTGGGGGGGAGAGGTGGGGA","RNA cleavage","Mn2+"
"S15","20","AGTATATCAAGTGAATGGCA","RNA cleavage","Mn2+"
"39E","52","CACGTCCATCTCTGCAGTCGGGTAGTTAAACCGACCTTCA...","RNA cleavage","UO22+"
"10-12","28","TGTTTCTCGCTTTGCTGGATGTACTTTT...","RNA cleavage","Mg2+"
"10-12opt","29","CATTTCTCGCTTTGCTGGATGTTACTTTT...","RNA cleavage","Mg2+"
"Dz12-91","26","ACCAACAATGATGCAGCGCATGTGTC...","RNA cleavage","M2+-independent"
"S10","20","CGGGGTTTGGGATGAAGGGG","RNA cleavage","Mn2+"
"C16B","31","AGGAATGGAAAAACATAATGAACAAGGACAA...","RNA cleavage","Pb2+"
"Clone11-17","51","CATCTCGGCGAGCAATATGTTCTTGGACTCATTCTATTGA...","RNA cleavage","Zn2+"
"S4","20","TAGGGTGGGGTTAGAGTGGA","RNA cleavage","Mn2+"
"Clone11-19","52","CATCTCGATCATACACAACCCTTAGGTTGAACCACATTTC...","RNA cleavage","Zn2+"
"Dz9-86","26","ACCAACATCATGCAGCGCGTAGTGTC...","RNA cleavage","M2+-independent"
"Clone11-6","52","CATCTCTAACTAGTACAGGTTCTATACGATATTTTCTGTA...","RNA cleavage","Zn2+"
"Clone11-7","50","CATCTCGATTGCAAGGATTATAAGAGCTCCAGCCAGATCC...","RNA cleavage","Zn2+"
"Clone11-9","48","CATCTCCGAGTAAATCAATGACCTTCATCTCCCTAAACAC...","RNA cleavage","Zn2+"
"Clone11-10","51","CATCTCTTGTCAAGTAAAGCCTGCCGGATTCAGCGGTTGT...","RNA cleavage","Zn2+"
"Clone11-13","50","CATCTCCACTCCAACGGGGATTATGACATAGTCCCACTAT...","RNA cleavage","Zn2+"
"Clone11-16","52","CATCTCAAATCGACCAATGCCATTAAGCTCCTATGTGTTC...","RNA cleavage","Zn2+"
"S20","20","TAGGGATAGGGGATAGGGGG","RNA cleavage","Mn2+"
"Clone11-23","52","CATCTCCATGTGTCAACTCAAGGTTTCTACTTCTTCTGTC...","RNA cleavage","Zn2+"
"Clone11-25","51","CATCTCCCAATTACGGAATAAGTGAAATGTCTTAGACCTA...","RNA cleavage","Zn2+"
"Clone11-26","52","CATCTCAAGTCCAACCATCCTCAATAGTGCGGGATTAGGG...","RNA cleavage","Zn2+"
"Clone11-30","52","CATCTCGTGCGACAACTCGAGACGCTTTATGCTGTTTAAA...","RNA cleavage","Zn2+"
"Clone11-31","52","CAGCTCCGCATGTATCCCAGAGACTTACTGGCCTGATGCT...","RNA cleavage","Zn2+"
"Clone11-32","52","CATCTCGTATGCTGATGCTGGTGCACATGGCGTGACTGAT...","RNA cleavage","Zn2+"
"Clone11-33","54","CATCTCATTTACTGCTACCTGTTACTGAGCCACAATTGCC...","RNA cleavage","Zn2+"
"Clone11-34","52","CATCTCTACAGATAGATCAAGACGTCTGGTAGCCTTGCTG...","RNA cleavage","Zn2+"
"Clone11-40","52","CATCTCTGTTCGCCTCACCCGCTTCGCCCAACTCGCACCT...","RNA cleavage","Zn2+"
"AgB2","59","TTTCGCCATCTTTAGGCGATTTCCTTTTGGAAACGGGGCA...","RNA cleavage","Ag+"
"Clone11-42","51","CATCTCGCACGTCGTTTCTATTTAGGAAAGAATTAACCTA...","RNA cleavage","Zn2+"
"Clone11-43","51","CATCTCAAGTAATAAATCGACGACAGATTGGTTTTTTATA...","RNA cleavage","Zn2+"
"Clone11-44","52","CATCTCAACGTTGCGCTACGCGATTTGTAGTTGCCTTGCC...","RNA cleavage","Zn2+"
"Clone11-46","52","CATCTCCCGACTGGAACCATTGGTACCCTTTAGCAAGGAG...","RNA cleavage","Zn2+"
"Clone11-47","52","CATCTCTCTGGTTGCTGATTCGTATGATTGTCTTAACTAC...","RNA cleavage","Zn2+"
"Clone11-48","50","CATCTTGCATGCCCCAAACACATTCAACACTGCTAAATTG...","RNA cleavage","Zn2+"
"Clone11-50","51","CATCTCGAACAATGCTCATGGTTTGATGACTGTTGATTGT...","RNA cleavage","Zn2+"
"Clone11-51","51","CATCTCGAGAGGAGTGGATATACCTTGGATTTAGGGCTAT...","RNA cleavage","Zn2+"
"Clone11-55","53","CATCTCTGCTTCGCAGTAGGCCAATTATCTCATTCTACCT...","RNA cleavage","Zn2+"
"Clone11-57","52","CATCTCGTTAACGTGTTGAGCGGACCGAGTGATCTGATAT...","RNA cleavage","Zn2+"
"Clone11-63","47","CAGCCATAGTTCTACCAGCGGTTCGAAATAGTGAAGTGTT...","RNA cleavage","Zn2+"
"Clone11-65","51","CATCTCCTACCTCCACATTGAGCCGAATTGTCGCCTATTG...","RNA cleavage","Zn2+"
"Clone11-66","52","CATCTCAGTATACACGTCGTGATGAACGATAGATGCTTTT...","RNA cleavage","Zn2+"
"Clone11-67","52","CATCTCAGCATCGCTAGCCCACTACGGGCGCCCGCGCGGC...","RNA cleavage","Zn2+"
"Clone11-73","52","CATCTCGATAAAGGTGATTTTAGACTACACTGAGTTAGCT...","RNA cleavage","Zn2+"
"S21","20","GGGTGGATGGCGAGTGGCAG","RNA cleavage","Mn2+"
"Clone11-74","53","CATCTCAGTAAGTGATAATCAAATCGCCCACGTAATACCT...","RNA cleavage","Zn2+"
"Clone11-75","51","CATCTCGAGCCTTAGCCAGTCGGCCCGTCTCGCTCGGATC...","RNA cleavage","Zn2+"
"Clone11-76","51","CATCTCATTAGCGTACACATTTCATCTTACGACCCTTGTT...","RNA cleavage","Zn2+"
"Clone11-79","49","CATCTCGTGTCTGGTAACGTACACCGTTAATCTAGATCCT...","RNA cleavage","Zn2+"
"Clone11-81","52","CATCTCCTGGCCCAACGGCGTGAAATCTAGCTTGCCTTTA...","RNA cleavage","Zn2+"
"Clone11-83","52","CATCTCCCCACAACACTCGATTAAANCCGGGTCTAGTTAT...","RNA cleavage","Zn2+"
"Clone11-86","51","CATCTCGGATCGGAGACGTTCTTATCAATTCACTTACACG...","RNA cleavage","Zn2+"
"Clone11-87","50","CATCTCGGGCCACATAACTGATCCTTAAGGCCTATGAGAT...","RNA cleavage","Zn2+"
"Clone11-88","51","CACCTCGAAGACCCGCGTTGCACCTGATCAGTTGGGGCCA...","RNA cleavage","Zn2+"
"Clone11-89","52","CATCTCTACTGAGTTACTCCCACGGTAGCCTTCATTTGGA...","RNA cleavage","Zn2+"
"C17A","5","TACAA","RNA cleavage","Pb2+"
"Clone11-90","52","CATCTCCGAAGTACGTTTGTCGTTTGTTAGTTAACGAACG...","RNA cleavage","Zn2+"
"Clone11-91","51","CATCTCGGGACCGTAGACCACGTGCGGAAGGTGGTCACGG...","RNA cleavage","Zn2+"
"Clone11-92","52","CATCTCCCTTAGATCGGTTTATTCTGGTCCCAATTCTCTC...","RNA cleavage","Zn2+"
"Clone11-93","49","CATCTGAAGTCGATAGNNTCTCGACTATAGATGANNAATG...","RNA cleavage","Zn2+"
"Clone11-95","51","CATCTCAATTAGCTAGTATACAGGTGAGCTATACAGGATG...","RNA cleavage","Zn2+"
"SC8","40","GCGGGCCCCAATTCATTGGCTTAACTACGAGGACGTCCAG...","RNA ligation","Mn2+"
"SC9","40","GTACGGACGTCAGTCACGAGGCAGCTGCTTTGCCAAACTG...","RNA ligation","Mn2+"
"SC26","40","ACCGTCACAAAAGACTGTAGTTAATACCACTGCAGGTCGT...","RNA ligation","Mn2+"
"SC34","40","GCACAGGGGTATAATTGCCTCGTACAACTTTATGTCCGAA...","RNA ligation","Mn2+"
"Dz7-38-39","45","TTACAGTGGTATCGATTGGGACGTGTGGAGCGTCAGGATG...","RNA cleavage","M2+-independent"
"AgB0","65","TTTCGCCATCTTTGGAGCCATAGGTCAAAGGTGGGTGTGG...","RNA cleavage","Ag+"
"AgB1","59","TTTCGCCATCTTTAGGCGATTTCCTTTTGGAAACGGGGCA...","RNA cleavage","Ag+"
"C17B","28","TACAAGACTCAGTTCTACCTGAGTGGTT...","RNA cleavage","Pb2+"
"NTP-A1","70","TGAGTCCTGGCGGACAGTTTTAACAGCTGAGGATGATCTA...","DNA phosphorylation","Mn2+, Ca2+"
"NTP-U1","67","GTACGATCAGTCTCGCCTGTTTGGGTTTGGGGACTGTTGA...","DNA phosphorylation","Mn2+, Ca2+"
"NTP-C1","70","GTGGAACCGTTAAGGTGGTAGTCGTCGGGGGCAATATAGG...","DNA phosphorylation","Mn2+, Ca2+"
"NTP-N1","70","GTACCTCCAAAGTCGTTCGGCGGATGCTTAGGGAGGAAGA...","DNA phosphorylation","Mn2+, Ca2+"
"dNTP-G1","68","GTGGGCGAGCGAGTTTCTCTGTGGGGCGGGCATCCGGGGG...","DNA phosphorylation","Mn2+, Ca2+"
"dNTP-A1","70","GAAGGGAAATCAGTGAATAACTCCGGCGGCGTATAATAAG...","DNA phosphorylation","Mn2+, Ca2+"
"dNTP-C1","68","GTAGCGGGAGTGCAGGCGGAGGGAGAAGGAGCAATTGGAG...","DNA phosphorylation","Mn2+, Ca2+"
"dNTP-N1","70","AGCCATAAGGGGGGAGAACCTCTGATCCTGGTTCAAGGAG...","DNA phosphorylation","Mn2+, Ca2+"
"dNTP-G4","70","TGTTGAGGTCTGAGGCGGTGGGTGTGAGGCGGAGAGTTAA...","DNA phosphorylation","Mn2+, Ca2+"
"NTP-A2.1","70","GTCGGGGTGGCTGTTGGGTGAGGAGTGATAGGGCTATGGG...","DNA phosphorylation","Ca2+"
"NTP-A2","70","GGCGGGGTGGCTGATGGGTGAGGAGTGATAGGGCAGTGGG...","DNA phosphorylation","Ca2+, K+"
"AgB3","59","TTTCGCCATCTTTAAGTGATTTCCTTTTGGAAACAGGGCA...","RNA cleavage","Ag+"
"AgB4","59","TTTCGCCATCTTTAGGTGATTTCCTTTTGGAAACAGGGCA...","RNA cleavage","Ag+"
"AgB5","59","TTTCGCCATCTTTAGGTGATTTCCTTTTGGAAACAGGGCA...","RNA cleavage","Ag+"
"AgB6","59","TTTCGCCATCTTTAGGTGATTTCCTTTTGGAAACGGGGCA...","RNA cleavage","Ag+"
"AgB7","59","TTTCGCCATCTTTAGGCGATTTCCTTTTGGAAACAGGGCA...","RNA cleavage","Ag+"
"AgB8","59","TTTCGCCATCTTTGGGTGATTTCCTTTTGGAAACAGGGCA...","RNA cleavage","Ag+"
"AgB9","60","TTTCGCCATCTTTGAGGTGATTTCCTTTTGGAAATGAAAT...","RNA cleavage","Ag+"
"AgB10","60","TTTCGCCATCTTTGAGGTGATTTCCTTTTGGAAATGAAGT...","RNA cleavage","Ag+"
"AgB1-del-A7","58","TTTCGCCATCTTTAGGCGTTTCCTTTTGGAAACGGGGCAG...","RNA cleavage","Ag+"
"AgB1b","54","TTTCGCCATCTTTAGGTTTCCTTTTGGAAAGGGCAGCGTA...","RNA cleavage","Ag+"
"AgB1c","52","TTTCGCCATCTTTAGGCGTCTTTTGACGGGGCAGCGTATA...","RNA cleavage","Ag+"
"AgB1d","48","TTTCGCCATCTTTAGGCGTTAACGGGGCAGCGTATAGTGA...","RNA cleavage","Ag+"
"NaH1","49","GGAGCCATAGGTCAAAGGTGGGTGTGGTCGTATCATATCG...","RNA cleavage","Na+"
"Gd2b","49","TCGCCATCTTGACGCATATCGTTTTCGATAGCACGTGTTA...","RNA cleavage","Gd3+"
"Gd2","71","TCGCCATCTTGACGCATATCGGCGACCAATAAAATCAGAG...","RNA cleavage","Gd3+"
"Gd2a","63","TCGCCATCTTGACGCATATCGGCGACCTTTTGGTAAAGAC...","RNA cleavage","Gd3+"
"Gd2c","39","TTTCGCCATCTTGACGCATAGCACGTGTTAGTGACTCGT...","RNA cleavage","Gd3+"
"Dz7-38-83","46","TTACAGTGGTATCGATTGGGACGTGTGTAGCGTCAGGATG...","RNA cleavage","M2+-independent"
"Ce13","118","CTGCAGAATTCTAATACGAGTCACTATAGGAAGATGGCGA...","RNA cleavage","Ce3+"
"Ce13d","53","TTTCGCCATAGGTCAAAGGTGGGTGCGAGTTTTTACTCGT...","RNA cleavage","Ce3+, Cr3+"
"Tm7","98","CTGCAGAATTCTAATACGAGTCACTATAGGAAGATGGCGA...","RNA cleavage","Tm3+, Er3+"
"Tm4","98","CTGCAGAATTCTAATACGAGTCACTATAGGAAGATGGCGA...","RNA cleavage","Tm3+"
"Er32","98","CTGCAGAATTCTAATACGAGTCACTATAGGAAGATGGCGA...","RNA cleavage","Er3+"
"Ho11","98","CTGCAGAATTCTAATACGAGTCACTATAGGAAGATGGCGA...","RNA cleavage","Ho3+"
"Er36","98","CTGCAGAATTCTAATACGAGTCACTATAGGAAGATGGCGA...","RNA cleavage","Er3+"
"Ho15","97","CTGCAGAATTCTAATACGAGTCACTATAGGAAGATGGCGA...","RNA cleavage","Ho3+"
"Tm8","97","CTGCAGAATTCTAATACGAGTCACTATAGGAAGATGGCGA...","RNA cleavage","Tm3+"
"Bipartite I","40","TCTCTTTCTGCGGAGGAGGTAGGGGTTCCGCTCCAAGGGC...","RNA cleavage","Mn2+, Mg2+"
"Dy1 (identical to Dy17)","112","CTGCAGAATTCTAATACGAGTCACTATAGGAAGATGGCGA...","RNA cleavage","Dy3+"
"C18","18","AGAGCCAAAAGGACGTCC","RNA cleavage","Pb2+"
"Dy17 (identical to Dy1)","112","CTGCAGAATTCTAATACGAGTCACTATAGGAAGATGGCGA...","RNA cleavage","Dy3+"
"Dy10","112","CTGCAGAATTCTAATACGAGTCACTATAGGAAGATGGCGA...","RNA cleavage","Dy3+"
"Dy35","111","CTGCAGAATTCTAATACGAGTCACTATAGGAAGATGGCGA...","RNA cleavage","Dy3+"
"6-60","37","CGTTGCCTGAGGAGGTAGGGGTTCCGGACCAATTCTT...","RNA cleavage","metal ion dependency not reported"
"Dy10a","60","TTTCGCCATCTTTATTGCGTAAAGCATCAGTTTTCTGATA...","RNA cleavage","Sm3+"
"EtNa","53","TTTCGCCATCTTTTCTCACACCGTACTCGGTAAGGTTGTT...","RNA cleavage","Na+, M2+-independent"
"PSCu10","119","CTGCAGAATTCTAATACGAGTCACTATAGGAAGATGGCGA...","RNA cleavage","Cu2+"
"PSCu9","119","CTGCAGAATTCTAATACGAGTCACTATAGGAAGATGGCGA...","RNA cleavage","Cu2+"
"C20","31","AGGGAAAGAAAAAGGCGGGGAAGTAACGAGA...","RNA cleavage","Pb2+"
"C21","15","ATACCCAACAGGAAC","RNA cleavage","Pb2+"
"Ni03a","36","GTCGCCAAACTCAAGAAGAGGACCAGGTAGTGAGGT...","RNA cleavage","Ni2+"
"Ni03b","37","GTCGCCAAACTCAAGAAGAGGACCAGGATAGTGAGGT...","RNA cleavage","Ni2+"
"Ni03c","36","GTCGCCAAGCTCAAGAAGAGGACCAGGTAGTGAGGT...","RNA cleavage","Ni2+"
"Ni03d","34","GTCGCCACTCAAGAAGAGGACCAGGTAGTGAGGT...","RNA cleavage","Ni2+"
"Ni03l","34","GTCGCCACTCAAGAAGAGGACCAGATAGTGAGGT...","RNA cleavage","Ni2+"
"17E","33","CATCTCTTCTCCGAGCCGGTCGAAATAGTGAGT...","RNA cleavage","Zn2+"
"class I","40","TTTTGTCAGCGACTCGAAATAGTGTGTTGAAGCAGCTCTA...","RNA cleavage","Zn2+"
"class II","39","TAGTTCTACCAGCGGTTCGAAATAGTGAAGTGTCCGTGA...","RNA cleavage","Zn2+"
"12-36","40","GCTCTTAGGAGGTAGGGGTTCCGATCCAGGTGGCTGGGTA...","RNA cleavage","metal ion dependency not reported"
"CT10-3.29T","59","CAAATTGATCGGTGGGGAGCAACTGAAAGGCGGTTGCAAT...","RNA cleavage","Mn2+, Mg2+"
"C22 (PbE22)","5","GAAGC","RNA cleavage","Pb2+"
"clone 32","50","CCATTCTCCTCTGCTGGACTATTCGGGTCTTTGTTCTCTC...","RNA cleavage","M2+-independent"
"MgZ-5","64","TCAACCAGGTCGGGGCCGAAATATAATAGAAAGTGAAGAT...","RNA cleavage","Mg2+"
"C24","31","AGTGGAGCAAAAAAGGTTCCAAAGGGATCGG...","RNA cleavage","Pb2+"
"BN-Cd16","114","CTGCAGAATTCTAATACGAGTCACTATAGGAAGATGGCGA...","RNA cleavage","Cd2+"
"C25A","19","AAGAAAGGCCATAGGAGCC","RNA cleavage","Pb2+"
"Ni03","68","CGCCATCTTTAGAAATATTATAAGCCTAATAGATGCCCAA...","RNA cleavage","Ni2+"
"Ni02","68","CGCCATCTTTTGAGGTCAGCTGACCTCTAAAAGCACTAAG...","RNA cleavage","Ni2+"
"class III","40","CAAAGATGCCAGCATGCTATTCTCCGAGCCGGTCGAAATA...","RNA cleavage","Zn2+"
"Nm1","41","GGACGACCGACCGAAGGGAGGGATGGGTACATCTGTCGTC...","Porphyrin metalation",""
"G2501","50","ATCTTTTCTATCAACCCCAAAACTTTGGCACAATGAAGTG...","RNA cleavage",""
"16.2-3","50","CCCGAGGCACCAATCCTTCGTTGAGCTCTTACTCGGTGAA...","RNA cleavage","Zn2+"
"16.2-11","50","CCCAGAAGGCCGAAACCGCTTCGTTGACCCCTTGCTCTAG...","RNA cleavage","Zn2+"
"16.2-12","50","GACAGCAATATCTTCGTTGACCCCTTGCTCTATATAGCCT...","RNA cleavage","Zn2+"
"16.3-4","50","CACACGGGACGCATCGGACTTCGTTGAGCACTTACTCTAG...","RNA cleavage","Zn2+"
"16.4-3","50","CCACACCGTACACCAGCTCGAGGTTGGGCACCTACTCTAA...","RNA cleavage","Zn2+"
"16.4-4","50","GGGACAAATTGGCCATTAGCCCCTTCGTTGAGCACGCTAC...","RNA cleavage","Zn2+"
"Dz7-38-32","45","TTACAGTGGTATCGATTGGGACGTGTGGAGCGTCAGGATG...","RNA cleavage","M2+-independent"
"MgZ-7","64","TCAAGGATTATTACCAGGTCGGGGCCAAATTAACGGGTAT...","RNA cleavage","Mg2+"
"Nm2","45","AGCCCTGCTGCATTGCAACCAGGGGGTGGGCGTACCAGCA...","Porphyrin metalation",""
"Dz7-38-90","46","TTACAGTGGTATCGATTGGGACGTGTGGAGCGTCAGGATG...","RNA cleavage","M2+-independent"
"Dz7-45-10","42","AAGCAGCGGATGTGGTGTGACGCGGAGTCCCGAGTAGGGC...","RNA cleavage","M2+-independent"
"Dz7-45-22","42","AAGCAGCGGATGTGGTGTGACGCGGAGTCCCGGGTAGGGC...","RNA cleavage","M2+-independent"
"Dz7-45-28","42","AAGCAGCGGACGGATGGATGCGGAGTGCCTGAGTCAGGCC...","RNA cleavage","M2+-independent"
"Zn01","50","TGTCTCTGACCTCTAGAGTGGAGCAAATCGTAAGGATCCA...","RNA cleavage","Zn2+"
"Zn03","50","GAGTAATAGTCAAGATATAACCAGACAAATCCTTCTGCAC...","RNA cleavage","Zn2+"
"Zn05","50","GATGAGAGGACCAATCACACAAATATGTGAGGTGCTGGAC...","RNA cleavage","Zn2+"
"Zn06","50","ACGGAACCAGAGGACGAAATAGATGACTTGAAAATCCAAT...","RNA cleavage","Zn2+"
"MgZ","49","GAACCAGGTCGGGGCCGAAATATAGGATATTTTGGGAGGC...","RNA cleavage","Mg2+"
"G12SD-2","64","TCAATGTAATCAAATGTCGTGAAGGGGTTTTGACGCCAGA...","RNA cleavage","Mg2+-independent"
"G12SD-1","63","TCAACTGAACTATCTGGGGCAATCAGAGAATCGTAGGGTT...","RNA cleavage","Mg2+-independent"
"614","41","ACATCATGCGAGCACACGCAATAGCCTGATAAGGTTGGTA...","RNA cleavage","Mg2+-independent"
"5J-B38","60","TCGAGGTACCAAATATTGTAAATATTGATGGCTGCCGGGC...","RNA cleavage","Mn2+, Ni2+, Co2+"
"62/615","40","ACACGCACGGACTTGTACGTATATAGCGTAAGGTTGATAG...","RNA cleavage","Mg2+-independent"
"616","38","ACTGCACAATCCAACACCGATTGCAAAGGTTGTTAGGG...","RNA cleavage","Mg2+-independent"
"5J-B24","60","TTGAGGTACCAAATATTGTAAATATTGATGGCTGCCGGGC...","RNA cleavage","metal ion dependency not reported"
"625","41","TGTGCTAGGTGTTCTCTGAGCCAGACGTTAGTGTAGTTAA...","RNA cleavage","Mg2+"
"OA-1","56","GTTGCGGGTCCAGGAAATTATAAAGCCTCTCGGGTTTTTT...","RNA cleavage","Ni2+, Co2+"
"OA-2","57","GTCCCGGTCGCGAGGGCGTCTCTGCAATAAGCTGTGAAGC...","RNA cleavage","Ni2+, Co2+"
"OA-3","55","ATCCATGATGACGACTCCATTGGAGTCGGGAAGTTGGAAA...","RNA cleavage","Mn2+"
"OA-4","56","GGAACCAAATATTGTAAATATTCATGGCTGGCGGGAGGAT...","RNA cleavage","Mn2+, Ni2+, Co2+, Cd2+"
"OA-5","56","AGAAGTGCACTTTGATTAAGTGCAGCCTGGTGAATAGTTC...","RNA cleavage","Mn2+, Co2+"
"OA-6","57","GCTAAGGGGGTCAGACGCAAAGTCGAGTTGCATAACTCCA...","RNA cleavage","Ni2+, Co2+"
"5J-A28","60","TCGAGGAACCAAATATTGTGAATATTGATGCCTGGCGGCA...","RNA cleavage","Mn2+, Ni2+, Co2+"
"LRD-BT1","52","TGATCGAACTCAACCCGCGTAAGCTCTACAGGAACGGGCA...","RNA cleavage","Mn2+, Co2+, Cd2+"
"5J-A5","60","TCGAGGCACCAAATAATGTAAATATAGATCCCTAGGGGGA...","RNA cleavage","metal ion dependency not reported"
"5J-A9","60","TCGAGGTACCAATTATTGTGAATAATGATGGCAATAGTCA...","RNA cleavage","metal ion dependency not reported"
"5J-A11","60","TCGAGGTACCAATTATAGTGAATAATGATGGCGATAGTCA...","RNA cleavage","metal ion dependency not reported"
"5J-A14","60","TCGAGGTACCAATAATAGTGGATAATGATGGCAGTAGTCA...","RNA cleavage","metal ion dependency not reported"
"5J-A20","60","TCGAGGCACCAATTATTGTGAATAATGATGGCGATAGACA...","RNA cleavage","metal ion dependency not reported"
"5J-A26","60","TCGAGGTACCAATTATTGTGAATAATGATGGCGATAGTCA...","RNA cleavage","metal ion dependency not reported"
"5J-A30","60","TCGAGGAACCAAATATTGTGAATATTGATGCCTGGCGGCA...","RNA cleavage","metal ion dependency not reported"
"5J-A36","60","TCGAGGTACCAATTATTGTGAATAATGATGGCGATAGCCA...","RNA cleavage","metal ion dependency not reported"
"5J-A39","60","TCGAGGTACCAAATAATGTTAATATTGATCCCTTGGGGGA...","RNA cleavage","metal ion dependency not reported"
"5J-B12","60","TCGAGGTACCAAATATTGTAAATATTGATGGCTGCCGGGC...","RNA cleavage","metal ion dependency not reported"
"LRD-B","60","AACCCGCGTAAGCTCTACAGGAACGGGCAATACGGAAAAA...","RNA cleavage","metal ion dependency not reported"
"LRD-C","60","TTACCATTICATAGATCATATTTCGCAACGATAGGATTCC...","RNA cleavage","metal ion dependency not reported"
"DZ1","79","ATTTCCAGCGGATCGATTCTCTTTCCCGTCGTAGGTATGA...","RNA cleavage","Mn2+"
"DZ2","80","ACTTCCAGCGGATCGAAATCTTGAACGCAGCTAGGTCTCG...","RNA cleavage","Mn2+"
"DZ3","80","ACTGCTAGCAGCTCGAAATCGCTCTCTCAATATGGGCTTT...","RNA cleavage","Mn2+"
"DZ4","80","ACCTCAATAGCAGCGTTAACAAAAAGTTTCGAGAAAGCGA...","RNA cleavage","Mn2+"
"DZ5","80","ACTGCCAGCGGCGCGAGGCTCTTGATCGGGCGCAGGAGGG...","RNA cleavage","Mn2+"
"DZ6","80","ACTGCCAGTGGCGCGAATTCTCTGGGAGATCTGTATAGGG...","RNA cleavage","Mn2+"
"DZ7","80","ACTGCCAGCGGCGCGATTCACTGTCGGAGACTAGTTGTTG...","RNA cleavage","Mn2+"
"DZ8","79","TACTCTCAGTGAGGCGAAATCTTCTCTCTGCGGGAACAAT...","RNA cleavage","Mn2+"
"clone11","40","TTGTATTAGCTACACTGTTAGTGCATCGTTTTTAATCTCG...","RNA cleavage","Co2+"
"clone18","40","TTGTATTAGCTACACTGTTAGTGGATCGGGTCTAATCTCG...","RNA cleavage","Co2+"
"925-11","65","GCGTGCCCGTCTGTTGGGCCCTACCAACAGUUCUCAUCCG...","RNA cleavage","M2+-independent"
"PbE22 (C22)","28","TTTCGCCAGAAGCATAGTGACTCGTGAC...","RNA cleavage","Pb2+"
"C2","27","GAGCATGAAGGCTCCATAAGTCGCGGG...","RNA cleavage","Pb2+"
"C5","32","GAGGAAGGGAAAAACCCACAAAAAAGGATTCC...","RNA cleavage","Pb2+"
"C6","6","TAAGAC","RNA cleavage","Pb2+"
"C9","30","TAAGCAAAAAGGCTCCACAGGGATGAGGTT...","RNA cleavage","Pb2+"
"C10","31","AAGCCCAGAAGGAAAGGACCATGGATGAGAT...","RNA cleavage","Pb2+"
"C13A","18","AAATCCTAGCGGGAGCGG","RNA cleavage","Pb2+"
"C13B","31","AAATCCTAGCGGGAGCGGATAGTAGACGTAC...","RNA cleavage","Pb2+"
"C14","31","GGGAACACAGTAAACTGAGGCATAAGGATCC...","RNA cleavage","Pb2+"
"C15","31","CGGACCAGCAGGAAAAATGAACGAATGGAGG...","RNA cleavage","Pb2+"
"C16A","4","AGGA","RNA cleavage","Pb2+"
"2′:15-2","37","GCGAGAGTGGGGACCGGCCACTCGGAGTGCAGAGAGG...","RNA cleavage","Mg2+"
"C25B","31","AAGAAAGGCCATAGGAGCCATAGAGGGAATA...","RNA cleavage","Pb2+"
"C27","24","AAGCATGGAAGCAAAGAAGGCACC...","RNA cleavage","Pb2+"
"C28","31","GGAACAGAGCGGGGGAGATAAACAAAGAAAT...","RNA cleavage","Pb2+"
"C30","31","GAGCACTGAAGGACTCCATAACGAGAGGAGG...","RNA cleavage","Pb2+"
"C35","14","ACCGTAGTTCGGAT","RNA cleavage","Pb2+"
"C36","25","TGAGGAAAGCAAAAAATAAGGATCC...","RNA cleavage","Pb2+"
"C40","29","AATTGACAAATTAAAACAAAGACAGAATG...","RNA cleavage","Pb2+"
"C41","12","ACGGTAAAAGGT","RNA cleavage","Pb2+"
"C46","5","AGGAG","RNA cleavage","Pb2+"
"C52","4","ATGA","RNA cleavage","Pb2+"
"C53","4","AACA","RNA cleavage","Pb2+"
"C56","3","GGG","RNA cleavage","Pb2+"
"C57","12","AGAGACGAAGAC","RNA cleavage","Pb2+"
"RFD‐CD1","40","GATCTGAGTGGATTGGGGCCTGCGCGGAGTCGGGACTATT...","RNA cleavage","TcdC‐24 protein"
"RFD-EC1","127","CACGGATCCTGACAAGGATGTGTGCGTTGTCGAGACCTGC...","RNA cleavage","CEM E. coli"
"Ce5","55","TTTCGCCATCTTTAGGAATATCTATTCCACGGCTCACGAA...","RNA cleavage","Ce3+"
"Dz20-49","86","GCGTGCCCGTCTGTTGGGCCCTACCAACAAGUCAUGCUCU...","RNA cleavage","M2+-independent"
"Dz10‐66","82","GCGTGCCCGTCTGTTGGGCCCTACCAACACUAGCAGCGCA...","RNA cleavage","M2+-independent"
"2′:10-16","41","GCGAGAGTGGTTTAGGGACCGGCACTCGGAGTGCAGAGAG...","RNA cleavage","Mg2+"
"L:15-30","29","GCCTCCTCATCGTCTTAGACAGCCTCTCC...","RNA cleavage","Mn2+"
"LRD-A","60","CGAACGAAAAGTAACAGGCCCTCCTCATTACCATCCATGG...","RNA cleavage","metal ion dependency not reported"
"6-61","40","TCCAAAGATCGAGGTAGGGGTTCCGAACCAGGTGGCGTGC...","RNA cleavage","metal ion dependency not reported"
"6-63","40","GCTCTTAGGAGGTAGGGGTTCCGATCCAGGTGGCTGGGTA...","RNA cleavage","metal ion dependency not reported"
"6-67","42","TCTCGGGCGGCGGAGGAGGTAGGGGTTCCGCTCCACAAGG...","RNA cleavage","metal ion dependency not reported"
"12-29","40","TCTCTTTCTGCAGAGGAGGTAGGGGTTCCGCTCCAAGGGC...","RNA cleavage","metal ion dependency not reported"
"12-6","39","GGCAGCGAATAGAGGAGGTAGGGGTTCCGCTCCAAGGGC...","RNA cleavage","metal ion dependency not reported"
"12-8","39","GTGCTTGCGACGAGGTAGGGGTTCCGATCCAATGGGCTG...","RNA cleavage","metal ion dependency not reported"
"pH3DZ1","69","AGTTGGCGAAGATCGGTAGTACGAGGAAATAGGGGGTGAG...","RNA cleavage","M2+-independent"
"NTP-G1","68","TGGAAGCGCAAGAACTCGGGGGGTGTTAGGAGGGCCATAA...","DNA phosphorylation","Mn2+, Ca2+"
"NTP-G6","70","TGGGAAGAGGAGGAAAGGTGCATTGTATGGGGGTTAGAAT...","DNA phosphorylation","Mn2+, Ca2+"