id,name,e,length,n,l,x,r,s,structures,reaction,notes,fg1s,fg2s,linkage,buffer,metal_ions,rp,reported_in,kinetics,rate_constant,yield,main_article_title,main_article_first_author,main_article_last_autor,main_article_mid_authors,main_article_pub_date,chr1,chr2,chr3,chr4,chr5,chr6,chr7,chr8,chr9,chr10,chr11,chr12,chr13,chr14,chr15,chr16,chr17,chr18,chr19,chr20,chr21,chr22,chrX,chrY,chrM,Promoter (<=1kb),Promoter (1-2kb),5' UTR,3' UTR,1st Exon,Other Exon,1st Intron,Other Intron,Downstream (<=300),Distal Intergenic
1305_C17A,C17A,TACAA,5,35,,,,trans-cleaving,[],RNA cleavage,,"[""2'-OH of rA""]",['vicinal phosphate'],RNA phosphodiester,"60 ¬µM Pb2+, 50 mM MES pH 6.0, 25 mM NaCl",['Pb2+'],specific cleavage at desired position,m,n,,,Searching for a DNAzyme Version of the Leadzyme.,R Saran,J Liu,Q Chen,2015,610054,673422,566076,571140,523038,490262,441635,405984,329669,354149,358805,365440,294377,251203,226335,193442,197329,236422,130737,156433,111721,86148,468295,75405,44,2.99,2.92,0.02,1.16,0.22,0.70,14.54,29.49,0.61,47.35
1591_C22 (PbE22),C22 (PbE22),GAAGC,5,35,,,,trans-cleaving,[],RNA cleavage,,"[""2'-OH of rA""]",['vicinal phosphate'],RNA phosphodiester,"60 ¬µM Pb2+, 50 mM MES pH 6.0, 25 mM NaCl",['Pb2+'],specific cleavage at desired position,m,n,,,Searching for a DNAzyme Version of the Leadzyme.,R Saran,J Liu,Q Chen,2015,417661,438002,346814,321393,315973,296405,275065,262881,229304,244576,260912,229510,170009,165498,162782,154338,175748,157927,102695,133164,78046,83763,273689,45153,39,5.18,3.41,0.06,1.33,0.36,1.52,13.83,27.27,0.70,46.33
1731_C6,C6,TAAGAC,6,35,,,,trans-cleaving,[],RNA cleavage,,"[""2'-OH of rA""]",['vicinal phosphate'],RNA phosphodiester,"60 ¬µM Pb2+, 50 mM MES pH 6.0, 25 mM NaCl",['Pb2+'],specific cleavage at desired position,m,n,,,Searching for a DNAzyme Version of the Leadzyme.,R Saran,J Liu,Q Chen,2015,87463,95429,79340,79095,71889,68285,60726,57139,45603,49807,50120,50858,39978,34949,30839,27392,25819,30235,15367,21356,14780,11146,58853,9581,6,3.54,3.11,0.03,1.17,0.25,0.71,14.52,31.23,0.67,44.79
1738_C16A,C16A,AGGA,4,35,,,,trans-cleaving,[],RNA cleavage,,"[""2'-OH of rA""]",['vicinal phosphate'],RNA phosphodiester,"60 ¬µM Pb2+, 50 mM MES pH 6.0, 25 mM NaCl",['Pb2+'],specific cleavage at desired position,m,n,,,Searching for a DNAzyme Version of the Leadzyme.,R Saran,J Liu,Q Chen,2015,NA,NA,NA,NA,NA,NA,NA,NA,NA,NA,NA,NA,NA,NA,NA,NA,NA,NA,NA,NA,NA,NA,NA,NA,NA,NA,NA,NA,NA,NA,NA,NA,NA,NA,NA
1761_C46,C46,AGGAG,5,35,,,,trans-cleaving,[],RNA cleavage,,"[""2'-OH of rA""]",['vicinal phosphate'],RNA phosphodiester,"60 ¬µM Pb2+, 50 mM MES pH 6.0, 25 mM NaCl",['Pb2+'],specific cleavage at desired position,m,n,,,Searching for a DNAzyme Version of the Leadzyme.,R Saran,J Liu,Q Chen,2015,828102,781629,618386,543277,558318,539761,534052,464717,410791,459929,462946,454296,282097,300980,303088,323616,347227,249441,278501,243441,124161,170327,464360,82030,71,5.62,4.05,0.06,1.21,0.36,1.30,15.13,28.85,0.81,42.62
1762_C52,C52,ATGA,4,35,,,,trans-cleaving,[],RNA cleavage,,"[""2'-OH of rA""]",['vicinal phosphate'],RNA phosphodiester,"60 ¬µM Pb2+, 50 mM MES pH 6.0, 25 mM NaCl",['Pb2+'],specific cleavage at desired position,m,n,,,Searching for a DNAzyme Version of the Leadzyme.,R Saran,J Liu,Q Chen,2015,NA,NA,NA,NA,NA,NA,NA,NA,NA,NA,NA,NA,NA,NA,NA,NA,NA,NA,NA,NA,NA,NA,NA,NA,NA,NA,NA,NA,NA,NA,NA,NA,NA,NA,NA
1763_C53,C53,AACA,4,35,,,,trans-cleaving,[],RNA cleavage,,"[""2'-OH of rA""]",['vicinal phosphate'],RNA phosphodiester,"60 ¬µM Pb2+, 50 mM MES pH 6.0, 25 mM NaCl",['Pb2+'],specific cleavage at desired position,m,n,,,Searching for a DNAzyme Version of the Leadzyme.,R Saran,J Liu,Q Chen,2015,NA,NA,NA,NA,NA,NA,NA,NA,NA,NA,NA,NA,NA,NA,NA,NA,NA,NA,NA,NA,NA,NA,NA,NA,NA,NA,NA,NA,NA,NA,NA,NA,NA,NA,NA
1764_C56,C56,GGG,3,35,,,,trans-cleaving,[],RNA cleavage,,"[""2'-OH of rA""]",['vicinal phosphate'],RNA phosphodiester,"60 ¬µM Pb2+, 50 mM MES pH 6.0, 25 mM NaCl",['Pb2+'],specific cleavage at desired position,m,n,,,Searching for a DNAzyme Version of the Leadzyme.,R Saran,J Liu,Q Chen,2015,NA,NA,NA,NA,NA,NA,NA,NA,NA,NA,NA,NA,NA,NA,NA,NA,NA,NA,NA,NA,NA,NA,NA,NA,NA,NA,NA,NA,NA,NA,NA,NA,NA,NA,NA
835_Ag2,Ag2,GGGATT,6,50,,,,GTCACGAGTCACTATrAGGAAGATGGCGAAA,[],RNA cleavage,Engineered to act in trans based on the in vitro selected sequences. No significant cleavage observed.,"[""2'-OH of rA""]",['vicinal phosphate'],RNA phosphodiester,"50 mM MES pH 6.0, 25 mM NaNO3, 10 ŒºM AgNO3",['Ag+'],,m,n,,,A Silver DNAzyme.,R Saran,J Liu,,2016,191457,180411,146712,124476,129916,125381,130089,103465,96262,110274,98518,113978,64858,70214,70114,82130,88543,62011,77612,54616,28036,38291,107582,17831,10,4.14,4.06,0.03,0.95,0.25,0.66,15.75,29.38,0.87,43.91
839_Ag6,Ag6,GGTGG,5,50,,,,GTCACGAGTCACTATrAGGAAGATGGCGAAA,[],RNA cleavage,Engineered to act in trans based on the in vitro selected sequences. No significant cleavage observed.,"[""2'-OH of rA""]",['vicinal phosphate'],RNA phosphodiester,"50 mM MES pH 6.0, 25 mM NaNO3, 10 ŒºM AgNO3",['Ag+'],,m,n,,,A Silver DNAzyme.,R Saran,J Liu,,2016,631669,579667,455288,387243,405783,390648,408492,341489,321978,354760,354269,343723,203277,233744,237000,278756,302332,177320,252376,198947,100963,153397,351891,59839,59,6.30,4.47,0.05,1.28,0.36,1.31,15.25,28.62,0.91,41.46
845_Ag11,Ag11,GTCCG,5,50,,,,GTCACGAGTCACTATrAGGAAGATGGCGAAA,[],RNA cleavage,Engineered to act in trans based on the in vitro selected sequences. No significant cleavage observed.,"[""2'-OH of rA""]",['vicinal phosphate'],RNA phosphodiester,"50 mM MES pH 6.0, 25 mM NaNO3, 10 ŒºM AgNO3",['Ag+'],,m,n,,,A Silver DNAzyme.,R Saran,J Liu,,2016,41103,37719,27899,26419,26745,25348,27748,24276,24042,24034,23813,21944,14633,15974,15591,21532,21276,11802,20338,13847,8988,12251,21099,4093,9,14.89,4.83,0.10,1.78,0.50,2.85,11.29,24.83,0.85,38.07
850_Ag16,Ag16,ACCGAC,6,50,,,,GTCACGAGTCACTATrAGGAAGATGGCGAAA,[],RNA cleavage,Engineered to act in trans based on the in vitro selected sequences. No significant cleavage observed.,"[""2'-OH of rA""]",['vicinal phosphate'],RNA phosphodiester,"50 mM MES pH 6.0, 25 mM NaNO3, 10 ŒºM AgNO3",['Ag+'],,m,n,,,A Silver DNAzyme.,R Saran,J Liu,,2016,8128,7933,6004,5446,5487,5387,5565,4768,4378,4827,4806,4411,2929,3109,2976,3901,3794,2499,3194,2777,1653,2078,4757,875,3,11.67,4.69,0.10,1.95,0.52,3.05,11.89,27.01,0.81,38.30
