id,name,e,length,n,l,x,r,s,structures,reaction,notes,fg1s,fg2s,linkage,buffer,metal_ions,rp,reported_in,kinetics,rate_constant,yield,main_article_title,main_article_first_author,main_article_last_autor,main_article_mid_authors,main_article_pub_date,chr1,chr2,chr3,chr4,chr5,chr6,chr7,chr8,chr9,chr10,chr11,chr12,chr13,chr14,chr15,chr16,chr17,chr18,chr19,chrX,chrY,chrM,Promoter (<=1kb),Promoter (1-2kb),5' UTR,3' UTR,1st Exon,Other Exon,1st Intron,Other Intron,Downstream (<=300),Distal Intergenic
1305_C17A,C17A,TACAA,5,35,,,,trans-cleaving,[],RNA cleavage,,"[""2'-OH of rA""]",['vicinal phosphate'],RNA phosphodiester,"60 ¬µM Pb2+, 50 mM MES pH 6.0, 25 mM NaCl",['Pb2+'],specific cleavage at desired position,m,n,,,Searching for a DNAzyme Version of the Leadzyme.,R Saran,J Liu,Q Chen,2015,472595,418634,398599,354705,340780,355064,317437,289594,274758,308193,253784,280827,283098,301143,238751,237448,211447,212726,132322,443946,245146,38,1.58,1.85,0.04,1.13,0.13,0.79,9.55,25.08,0.86,59.01
1591_C22 (PbE22),C22 (PbE22),GAAGC,5,35,,,,trans-cleaving,[],RNA cleavage,,"[""2'-OH of rA""]",['vicinal phosphate'],RNA phosphodiester,"60 ¬µM Pb2+, 50 mM MES pH 6.0, 25 mM NaCl",['Pb2+'],specific cleavage at desired position,m,n,,,Searching for a DNAzyme Version of the Leadzyme.,R Saran,J Liu,Q Chen,2015,393604,374919,314270,319855,308611,301859,303094,265022,260760,257779,259511,242846,245735,248473,210892,191999,192269,181416,124728,309680,147454,29,2.73,2.20,0.09,1.16,0.15,1.83,10.03,25.58,0.96,55.28
1731_C6,C6,TAAGAC,6,35,,,,trans-cleaving,[],RNA cleavage,,"[""2'-OH of rA""]",['vicinal phosphate'],RNA phosphodiester,"60 ¬µM Pb2+, 50 mM MES pH 6.0, 25 mM NaCl",['Pb2+'],specific cleavage at desired position,m,n,,,Searching for a DNAzyme Version of the Leadzyme.,R Saran,J Liu,Q Chen,2015,88997,81635,73439,68695,66510,67132,62550,56931,55232,59504,52538,52515,54795,55238,45590,44536,40934,41301,26565,74114,42598,11,1.75,2.00,0.04,1.07,0.14,0.60,10.00,26.15,0.98,57.28
1738_C16A,C16A,AGGA,4,35,,,,trans-cleaving,[],RNA cleavage,,"[""2'-OH of rA""]",['vicinal phosphate'],RNA phosphodiester,"60 ¬µM Pb2+, 50 mM MES pH 6.0, 25 mM NaCl",['Pb2+'],specific cleavage at desired position,m,n,,,Searching for a DNAzyme Version of the Leadzyme.,R Saran,J Liu,Q Chen,2015,NA,NA,NA,NA,NA,NA,NA,NA,NA,NA,NA,NA,NA,NA,NA,NA,NA,NA,NA,NA,NA,NA,NA,NA,NA,NA,NA,NA,NA,NA,NA,NA
1761_C46,C46,AGGAG,5,35,,,,trans-cleaving,[],RNA cleavage,,"[""2'-OH of rA""]",['vicinal phosphate'],RNA phosphodiester,"60 ¬µM Pb2+, 50 mM MES pH 6.0, 25 mM NaCl",['Pb2+'],specific cleavage at desired position,m,n,,,Searching for a DNAzyme Version of the Leadzyme.,R Saran,J Liu,Q Chen,2015,643668,612437,503746,529010,517853,494188,513755,442469,432931,428468,440024,399045,397403,407090,347918,313321,327308,295758,204620,495542,272155,44,2.76,2.27,0.07,1.02,0.12,1.54,10.07,25.37,0.97,55.79
1762_C52,C52,ATGA,4,35,,,,trans-cleaving,[],RNA cleavage,,"[""2'-OH of rA""]",['vicinal phosphate'],RNA phosphodiester,"60 ¬µM Pb2+, 50 mM MES pH 6.0, 25 mM NaCl",['Pb2+'],specific cleavage at desired position,m,n,,,Searching for a DNAzyme Version of the Leadzyme.,R Saran,J Liu,Q Chen,2015,NA,NA,NA,NA,NA,NA,NA,NA,NA,NA,NA,NA,NA,NA,NA,NA,NA,NA,NA,NA,NA,NA,NA,NA,NA,NA,NA,NA,NA,NA,NA,NA
1763_C53,C53,AACA,4,35,,,,trans-cleaving,[],RNA cleavage,,"[""2'-OH of rA""]",['vicinal phosphate'],RNA phosphodiester,"60 ¬µM Pb2+, 50 mM MES pH 6.0, 25 mM NaCl",['Pb2+'],specific cleavage at desired position,m,n,,,Searching for a DNAzyme Version of the Leadzyme.,R Saran,J Liu,Q Chen,2015,NA,NA,NA,NA,NA,NA,NA,NA,NA,NA,NA,NA,NA,NA,NA,NA,NA,NA,NA,NA,NA,NA,NA,NA,NA,NA,NA,NA,NA,NA,NA,NA
1764_C56,C56,GGG,3,35,,,,trans-cleaving,[],RNA cleavage,,"[""2'-OH of rA""]",['vicinal phosphate'],RNA phosphodiester,"60 ¬µM Pb2+, 50 mM MES pH 6.0, 25 mM NaCl",['Pb2+'],specific cleavage at desired position,m,n,,,Searching for a DNAzyme Version of the Leadzyme.,R Saran,J Liu,Q Chen,2015,NA,NA,NA,NA,NA,NA,NA,NA,NA,NA,NA,NA,NA,NA,NA,NA,NA,NA,NA,NA,NA,NA,NA,NA,NA,NA,NA,NA,NA,NA,NA,NA
835_Ag2,Ag2,GGGATT,6,50,,,,GTCACGAGTCACTATrAGGAAGATGGCGAAA,[],RNA cleavage,Engineered to act in trans based on the in vitro selected sequences. No significant cleavage observed.,"[""2'-OH of rA""]",['vicinal phosphate'],RNA phosphodiester,"50 mM MES pH 6.0, 25 mM NaNO3, 10 ŒºM AgNO3",['Ag+'],,m,n,,,A Silver DNAzyme.,R Saran,J Liu,,2016,101142,97086,80197,84925,84317,77439,83795,68343,68207,68446,71526,63746,62125,64091,53679,49577,50966,46148,32707,89997,43009,9,2.25,2.43,0.04,0.92,0.14,0.79,10.37,25.85,1.08,56.13
839_Ag6,Ag6,GGTGG,5,50,,,,GTCACGAGTCACTATrAGGAAGATGGCGAAA,[],RNA cleavage,Engineered to act in trans based on the in vitro selected sequences. No significant cleavage observed.,"[""2'-OH of rA""]",['vicinal phosphate'],RNA phosphodiester,"50 mM MES pH 6.0, 25 mM NaNO3, 10 ŒºM AgNO3",['Ag+'],,m,n,,,A Silver DNAzyme.,R Saran,J Liu,,2016,405777,408849,312915,357729,356765,314543,351426,294540,285281,276837,314186,258952,253960,255999,229963,199036,221422,187614,139144,315841,149752,31,3.48,2.67,0.08,1.18,0.14,1.74,10.48,25.97,1.14,53.11
845_Ag11,Ag11,GTCCG,5,50,,,,GTCACGAGTCACTATrAGGAAGATGGCGAAA,[],RNA cleavage,Engineered to act in trans based on the in vitro selected sequences. No significant cleavage observed.,"[""2'-OH of rA""]",['vicinal phosphate'],RNA phosphodiester,"50 mM MES pH 6.0, 25 mM NaNO3, 10 ŒºM AgNO3",['Ag+'],,m,n,,,A Silver DNAzyme.,R Saran,J Liu,,2016,31124,32212,24460,29168,29213,24460,27061,24494,23131,23543,25834,20560,20750,19536,18902,15622,18696,15163,12270,20094,12341,7,9.47,3.10,0.19,1.52,0.20,4.29,9.52,24.09,0.96,46.66
850_Ag16,Ag16,ACCGAC,6,50,,,,GTCACGAGTCACTATrAGGAAGATGGCGAAA,[],RNA cleavage,Engineered to act in trans based on the in vitro selected sequences. No significant cleavage observed.,"[""2'-OH of rA""]",['vicinal phosphate'],RNA phosphodiester,"50 mM MES pH 6.0, 25 mM NaNO3, 10 ŒºM AgNO3",['Ag+'],,m,n,,,A Silver DNAzyme.,R Saran,J Liu,,2016,8460,8882,6697,7548,7969,6641,6986,6437,6259,6445,6851,5491,5745,5354,4952,4270,4970,4150,3274,4881,1720,3,6.25,3.15,0.14,1.51,0.22,3.41,10.21,27.17,1.12,46.82
