"","File accession","File format","Output type","Experiment accession","Assay","Biosample term id","Biosample term name","Biosample type","Biosample organism","Biosample treatments","Biosample treatments amount","Biosample treatments duration","Experiment target","Library made from","Library depleted in","Library extraction method","Library lysis method","Library crosslinking method","Library strand specific","Experiment date released","Project","RBNS protein concentration","Library fragmentation method","Library size range","Biological replicate(s)","Technical replicate","Read length","Mapped read length","Run type","Paired end","Paired with","Derived from","Size","Lab","md5sum","dbxrefs","File download URL","Assembly","Platform","Controlled by","File Status","Restricted","Audit WARNING","Audit INTERNAL_ACTION","Audit NOT_COMPLIANT","Audit ERROR"
"1","ENCFF002LRT","bam","alignments","ENCSR559FAJ","ATAC-seq","UBERON:0001890","forebrain","tissue","Mus musculus",NA,NA,NA,NA,"DNA",NA,"","ATAC_buffer",NA,"False","2017-05-10","ENCODE",NA,NA,NA,1,NA,NA,NA,NA,NA,NA,"ENCFF119TXW, ENCFF413XTH",3486259693,"Anshul Kundaje, Stanford","d2ed214b438a868ba8d7c790cf86050c",NA,"https://www.encodeproject.org/files/ENCFF002LRT/@@download/ENCFF002LRT.bam","mm10",NA,NA,"released",NA,NA,"experiment not submitted to GEO",NA,NA
"2","ENCFF576SKK","bam","alignments","ENCSR559FAJ","ATAC-seq","UBERON:0001890","forebrain","tissue","Mus musculus",NA,NA,NA,NA,"DNA",NA,"","ATAC_buffer",NA,"False","2017-05-10","ENCODE",NA,NA,NA,2,NA,NA,NA,NA,NA,NA,"ENCFF171APM, ENCFF199UBT",3517746889,"Anshul Kundaje, Stanford","5e04d0e12a7e2590be8ac9661504aa41",NA,"https://www.encodeproject.org/files/ENCFF576SKK/@@download/ENCFF576SKK.bam","mm10",NA,NA,"released",NA,NA,"experiment not submitted to GEO",NA,NA
"3","ENCFF411MUA","bigWig","signal p-value","ENCSR559FAJ","ATAC-seq","UBERON:0001890","forebrain","tissue","Mus musculus",NA,NA,NA,NA,"DNA",NA,"","ATAC_buffer",NA,"False","2017-05-10","ENCODE",NA,NA,NA,1,NA,NA,NA,NA,NA,NA,"ENCFF002LRT",780030631,"Anshul Kundaje, Stanford","18d50d36e9699c0aff3877ca1fd68b93",NA,"https://www.encodeproject.org/files/ENCFF411MUA/@@download/ENCFF411MUA.bigWig","mm10",NA,NA,"released",NA,NA,"experiment not submitted to GEO",NA,NA
"4","ENCFF043VKO","bigWig","signal p-value","ENCSR559FAJ","ATAC-seq","UBERON:0001890","forebrain","tissue","Mus musculus",NA,NA,NA,NA,"DNA",NA,"","ATAC_buffer",NA,"False","2017-05-10","ENCODE",NA,NA,NA,2,NA,NA,NA,NA,NA,NA,"ENCFF576SKK",518799409,"Anshul Kundaje, Stanford","8516f494c50b010d2d491fccaf709b3c",NA,"https://www.encodeproject.org/files/ENCFF043VKO/@@download/ENCFF043VKO.bigWig","mm10",NA,NA,"released",NA,NA,"experiment not submitted to GEO",NA,NA
"5","ENCFF917SGA","bigWig","fold change over control","ENCSR559FAJ","ATAC-seq","UBERON:0001890","forebrain","tissue","Mus musculus",NA,NA,NA,NA,"DNA",NA,"","ATAC_buffer",NA,"False","2017-05-10","ENCODE",NA,NA,NA,1,NA,NA,NA,NA,NA,NA,"ENCFF002LRT",767671587,"Anshul Kundaje, Stanford","ddeb76f2cee44a8bd38aca98b5f9e35f",NA,"https://www.encodeproject.org/files/ENCFF917SGA/@@download/ENCFF917SGA.bigWig","mm10",NA,NA,"released",NA,NA,"experiment not submitted to GEO",NA,NA
"6","ENCFF924BNE","bigWig","fold change over control","ENCSR559FAJ","ATAC-seq","UBERON:0001890","forebrain","tissue","Mus musculus",NA,NA,NA,NA,"DNA",NA,"","ATAC_buffer",NA,"False","2017-05-10","ENCODE",NA,NA,NA,2,NA,NA,NA,NA,NA,NA,"ENCFF576SKK",767320532,"Anshul Kundaje, Stanford","2aaa0e32927499865e843ac9e7cc1f84",NA,"https://www.encodeproject.org/files/ENCFF924BNE/@@download/ENCFF924BNE.bigWig","mm10",NA,NA,"released",NA,NA,"experiment not submitted to GEO",NA,NA
"7","ENCFF795KPB","bam","alignments","ENCSR819QOJ","ATAC-seq","UBERON:0001891","midbrain","tissue","Mus musculus",NA,NA,NA,NA,"DNA",NA,"","ATAC_buffer",NA,"False","2017-05-10","ENCODE",NA,NA,NA,1,NA,NA,NA,NA,NA,NA,"ENCFF659NJR, ENCFF703JZE",3514906019,"Anshul Kundaje, Stanford","b6e56768a4489fec5ff547a625960bcc",NA,"https://www.encodeproject.org/files/ENCFF795KPB/@@download/ENCFF795KPB.bam","mm10",NA,NA,"released",NA,NA,"experiment not submitted to GEO",NA,NA
"8","ENCFF051SQY","bam","alignments","ENCSR819QOJ","ATAC-seq","UBERON:0001891","midbrain","tissue","Mus musculus",NA,NA,NA,NA,"DNA",NA,"","ATAC_buffer",NA,"False","2017-05-10","ENCODE",NA,NA,NA,2,NA,NA,NA,NA,NA,NA,"ENCFF574MEU, ENCFF667HBE",3301281011,"Anshul Kundaje, Stanford","a74c5dd20ed3090686d9dcbf5900057d",NA,"https://www.encodeproject.org/files/ENCFF051SQY/@@download/ENCFF051SQY.bam","mm10",NA,NA,"released",NA,NA,"experiment not submitted to GEO",NA,NA
"9","ENCFF334UND","bigWig","signal p-value","ENCSR819QOJ","ATAC-seq","UBERON:0001891","midbrain","tissue","Mus musculus",NA,NA,NA,NA,"DNA",NA,"","ATAC_buffer",NA,"False","2017-05-10","ENCODE",NA,NA,NA,1,NA,NA,NA,NA,NA,NA,"ENCFF795KPB",636105664,"Anshul Kundaje, Stanford","6ba95aab663723da60c7e4058a9217f5",NA,"https://www.encodeproject.org/files/ENCFF334UND/@@download/ENCFF334UND.bigWig","mm10",NA,NA,"released",NA,NA,"experiment not submitted to GEO",NA,NA
"10","ENCFF139MNX","bigWig","signal p-value","ENCSR819QOJ","ATAC-seq","UBERON:0001891","midbrain","tissue","Mus musculus",NA,NA,NA,NA,"DNA",NA,"","ATAC_buffer",NA,"False","2017-05-10","ENCODE",NA,NA,NA,2,NA,NA,NA,NA,NA,NA,"ENCFF051SQY",620044287,"Anshul Kundaje, Stanford","7779a6d3a0331935bcff181b2792ee10",NA,"https://www.encodeproject.org/files/ENCFF139MNX/@@download/ENCFF139MNX.bigWig","mm10",NA,NA,"released",NA,NA,"experiment not submitted to GEO",NA,NA
"11","ENCFF455CIS","bigWig","fold change over control","ENCSR819QOJ","ATAC-seq","UBERON:0001891","midbrain","tissue","Mus musculus",NA,NA,NA,NA,"DNA",NA,"","ATAC_buffer",NA,"False","2017-05-10","ENCODE",NA,NA,NA,2,NA,NA,NA,NA,NA,NA,"ENCFF051SQY",777821348,"Anshul Kundaje, Stanford","65ae57d7290901bc20f3ae5fea0a0a05",NA,"https://www.encodeproject.org/files/ENCFF455CIS/@@download/ENCFF455CIS.bigWig","mm10",NA,NA,"released",NA,NA,"experiment not submitted to GEO",NA,NA
"12","ENCFF810TCB","bigWig","fold change over control","ENCSR819QOJ","ATAC-seq","UBERON:0001891","midbrain","tissue","Mus musculus",NA,NA,NA,NA,"DNA",NA,"","ATAC_buffer",NA,"False","2017-05-10","ENCODE",NA,NA,NA,1,NA,NA,NA,NA,NA,NA,"ENCFF795KPB",824870380,"Anshul Kundaje, Stanford","5c2ed56e9482c9ad537c05631efaf7ba",NA,"https://www.encodeproject.org/files/ENCFF810TCB/@@download/ENCFF810TCB.bigWig","mm10",NA,NA,"released",NA,NA,"experiment not submitted to GEO",NA,NA
"13","ENCFF520IWZ","bam","alignments","ENCSR012YAB","ATAC-seq","UBERON:0002028","hindbrain","tissue","Mus musculus",NA,NA,NA,NA,"DNA",NA,"","ATAC_buffer",NA,"False","2017-05-10","ENCODE",NA,NA,NA,2,NA,NA,NA,NA,NA,NA,"ENCFF635ZQL, ENCFF753PKM",3206325511,"Anshul Kundaje, Stanford","628ead5d5f50461cb1fd65f89041c08e",NA,"https://www.encodeproject.org/files/ENCFF520IWZ/@@download/ENCFF520IWZ.bam","mm10",NA,NA,"released",NA,NA,"experiment not submitted to GEO",NA,NA
"14","ENCFF668ELB","bam","alignments","ENCSR012YAB","ATAC-seq","UBERON:0002028","hindbrain","tissue","Mus musculus",NA,NA,NA,NA,"DNA",NA,"","ATAC_buffer",NA,"False","2017-05-10","ENCODE",NA,NA,NA,1,NA,NA,NA,NA,NA,NA,"ENCFF058UWO, ENCFF163UHB",5453641094,"Anshul Kundaje, Stanford","5d88c553aa37740dcf450a8c331085bd",NA,"https://www.encodeproject.org/files/ENCFF668ELB/@@download/ENCFF668ELB.bam","mm10",NA,NA,"released",NA,NA,"experiment not submitted to GEO",NA,NA
"15","ENCFF342EKU","bigWig","signal p-value","ENCSR012YAB","ATAC-seq","UBERON:0002028","hindbrain","tissue","Mus musculus",NA,NA,NA,NA,"DNA",NA,"","ATAC_buffer",NA,"False","2017-05-10","ENCODE",NA,NA,NA,1,NA,NA,NA,NA,NA,NA,"ENCFF668ELB",816913187,"Anshul Kundaje, Stanford","5494dcce3f04d328696b7b57494d7803",NA,"https://www.encodeproject.org/files/ENCFF342EKU/@@download/ENCFF342EKU.bigWig","mm10",NA,NA,"released",NA,NA,"experiment not submitted to GEO",NA,NA
"16","ENCFF585ROH","bigWig","signal p-value","ENCSR012YAB","ATAC-seq","UBERON:0002028","hindbrain","tissue","Mus musculus",NA,NA,NA,NA,"DNA",NA,"","ATAC_buffer",NA,"False","2017-05-10","ENCODE",NA,NA,NA,2,NA,NA,NA,NA,NA,NA,"ENCFF520IWZ",549655631,"Anshul Kundaje, Stanford","836c2b6b8dbbec2ad0261250e96e6323",NA,"https://www.encodeproject.org/files/ENCFF585ROH/@@download/ENCFF585ROH.bigWig","mm10",NA,NA,"released",NA,NA,"experiment not submitted to GEO",NA,NA
"17","ENCFF908LJW","bigWig","fold change over control","ENCSR012YAB","ATAC-seq","UBERON:0002028","hindbrain","tissue","Mus musculus",NA,NA,NA,NA,"DNA",NA,"","ATAC_buffer",NA,"False","2017-05-10","ENCODE",NA,NA,NA,2,NA,NA,NA,NA,NA,NA,"ENCFF520IWZ",687441083,"Anshul Kundaje, Stanford","0734320dd4616d61f4dac695153caa4f",NA,"https://www.encodeproject.org/files/ENCFF908LJW/@@download/ENCFF908LJW.bigWig","mm10",NA,NA,"released",NA,NA,"experiment not submitted to GEO",NA,NA
"18","ENCFF745RFR","bigWig","fold change over control","ENCSR012YAB","ATAC-seq","UBERON:0002028","hindbrain","tissue","Mus musculus",NA,NA,NA,NA,"DNA",NA,"","ATAC_buffer",NA,"False","2017-05-10","ENCODE",NA,NA,NA,1,NA,NA,NA,NA,NA,NA,"ENCFF668ELB",1162472356,"Anshul Kundaje, Stanford","d1e3f20ce9fda1cdb99126e09de067d3",NA,"https://www.encodeproject.org/files/ENCFF745RFR/@@download/ENCFF745RFR.bigWig","mm10",NA,NA,"released",NA,NA,"experiment not submitted to GEO",NA,NA
"19","ENCFF751DXE","bam","alignments","ENCSR176BYZ","ATAC-seq","UBERON:0002028","hindbrain","tissue","Mus musculus",NA,NA,NA,NA,"DNA",NA,"","ATAC_buffer",NA,"False","2017-05-10","ENCODE",NA,NA,NA,2,NA,NA,NA,NA,NA,NA,"ENCFF331IGF, ENCFF409GTD",2952687787,"Anshul Kundaje, Stanford","522b14ca4523838abcd108ab1bcb8b73",NA,"https://www.encodeproject.org/files/ENCFF751DXE/@@download/ENCFF751DXE.bam","mm10",NA,NA,"released",NA,NA,"experiment not submitted to GEO",NA,NA
"20","ENCFF842OQL","bam","alignments","ENCSR176BYZ","ATAC-seq","UBERON:0002028","hindbrain","tissue","Mus musculus",NA,NA,NA,NA,"DNA",NA,"","ATAC_buffer",NA,"False","2017-05-10","ENCODE",NA,NA,NA,1,NA,NA,NA,NA,NA,NA,"ENCFF071AXB, ENCFF628CBN",3046561924,"Anshul Kundaje, Stanford","517c5104c3264b7d5c07c56b7b150098",NA,"https://www.encodeproject.org/files/ENCFF842OQL/@@download/ENCFF842OQL.bam","mm10",NA,NA,"released",NA,NA,"experiment not submitted to GEO",NA,NA
"21","ENCFF256DRT","bigWig","signal p-value","ENCSR176BYZ","ATAC-seq","UBERON:0002028","hindbrain","tissue","Mus musculus",NA,NA,NA,NA,"DNA",NA,"","ATAC_buffer",NA,"False","2017-05-10","ENCODE",NA,NA,NA,2,NA,NA,NA,NA,NA,NA,"ENCFF751DXE",471127131,"Anshul Kundaje, Stanford","f9d7c9e46c97b124493eb9c6dbbf9c90",NA,"https://www.encodeproject.org/files/ENCFF256DRT/@@download/ENCFF256DRT.bigWig","mm10",NA,NA,"released",NA,NA,"experiment not submitted to GEO",NA,NA
"22","ENCFF189DBP","bigWig","signal p-value","ENCSR176BYZ","ATAC-seq","UBERON:0002028","hindbrain","tissue","Mus musculus",NA,NA,NA,NA,"DNA",NA,"","ATAC_buffer",NA,"False","2017-05-10","ENCODE",NA,NA,NA,1,NA,NA,NA,NA,NA,NA,"ENCFF842OQL",602822656,"Anshul Kundaje, Stanford","c818cd54724469bb2fb7754a1f03521d",NA,"https://www.encodeproject.org/files/ENCFF189DBP/@@download/ENCFF189DBP.bigWig","mm10",NA,NA,"released",NA,NA,"experiment not submitted to GEO",NA,NA
"23","ENCFF321AYT","bigWig","fold change over control","ENCSR176BYZ","ATAC-seq","UBERON:0002028","hindbrain","tissue","Mus musculus",NA,NA,NA,NA,"DNA",NA,"","ATAC_buffer",NA,"False","2017-05-10","ENCODE",NA,NA,NA,1,NA,NA,NA,NA,NA,NA,"ENCFF842OQL",691892298,"Anshul Kundaje, Stanford","77042ae8bb809bc08ba958b2e0de5fd1",NA,"https://www.encodeproject.org/files/ENCFF321AYT/@@download/ENCFF321AYT.bigWig","mm10",NA,NA,"released",NA,NA,"experiment not submitted to GEO",NA,NA
"24","ENCFF333KVG","bigWig","fold change over control","ENCSR176BYZ","ATAC-seq","UBERON:0002028","hindbrain","tissue","Mus musculus",NA,NA,NA,NA,"DNA",NA,"","ATAC_buffer",NA,"False","2017-05-10","ENCODE",NA,NA,NA,2,NA,NA,NA,NA,NA,NA,"ENCFF751DXE",686044071,"Anshul Kundaje, Stanford","81debcd8e6b6e569f37d137335cba53e",NA,"https://www.encodeproject.org/files/ENCFF333KVG/@@download/ENCFF333KVG.bigWig","mm10",NA,NA,"released",NA,NA,"experiment not submitted to GEO",NA,NA
"25","ENCFF615NHS","bigWig","fold change over control","ENCSR889WQX","ATAC-seq","UBERON:0001870","frontal cortex","tissue","Mus musculus",NA,NA,NA,NA,"DNA",NA,"see document","ATAC buffer",NA,"True","2017-06-21","ENCODE",NA,NA,NA,2,NA,NA,NA,NA,NA,NA,"ENCFF209VTX",539921351,"Anshul Kundaje, Stanford","b396ee87d778e726e86ed444630dbcb9",NA,"https://www.encodeproject.org/files/ENCFF615NHS/@@download/ENCFF615NHS.bigWig","mm10",NA,NA,"released",NA,NA,"experiment not submitted to GEO",NA,NA
"26","ENCFF209VTX","bam","alignments","ENCSR889WQX","ATAC-seq","UBERON:0001870","frontal cortex","tissue","Mus musculus",NA,NA,NA,NA,"DNA",NA,"see document","ATAC buffer",NA,"True","2017-06-21","ENCODE",NA,NA,NA,2,NA,NA,NA,NA,NA,NA,"ENCFF463QCX, ENCFF992TSA",2079396942,"Anshul Kundaje, Stanford","e97a4a2b74218873a930fc084044e2fd",NA,"https://www.encodeproject.org/files/ENCFF209VTX/@@download/ENCFF209VTX.bam","mm10",NA,NA,"released",NA,NA,"experiment not submitted to GEO",NA,NA
"27","ENCFF018VSA","bam","alignments","ENCSR889WQX","ATAC-seq","UBERON:0001870","frontal cortex","tissue","Mus musculus",NA,NA,NA,NA,"DNA",NA,"see document","ATAC buffer",NA,"True","2017-06-21","ENCODE",NA,NA,NA,1,NA,NA,NA,NA,NA,NA,"ENCFF325FCQ, ENCFF439VSY, ENCFF683IQS, ENCFF744CHW",1946579976,"Anshul Kundaje, Stanford","3e760dcc54e494b19b5c216cfa3b1b0b",NA,"https://www.encodeproject.org/files/ENCFF018VSA/@@download/ENCFF018VSA.bam","mm10",NA,NA,"released",NA,NA,"experiment not submitted to GEO",NA,NA
"28","ENCFF524OLZ","bigWig","signal p-value","ENCSR889WQX","ATAC-seq","UBERON:0001870","frontal cortex","tissue","Mus musculus",NA,NA,NA,NA,"DNA",NA,"see document","ATAC buffer",NA,"True","2017-06-21","ENCODE",NA,NA,NA,1,NA,NA,NA,NA,NA,NA,"ENCFF018VSA",405741372,"Anshul Kundaje, Stanford","7827b53f44762504501c68bcbe6df987",NA,"https://www.encodeproject.org/files/ENCFF524OLZ/@@download/ENCFF524OLZ.bigWig","mm10",NA,NA,"released",NA,NA,"experiment not submitted to GEO",NA,NA
"29","ENCFF434BCH","bigWig","signal p-value","ENCSR889WQX","ATAC-seq","UBERON:0001870","frontal cortex","tissue","Mus musculus",NA,NA,NA,NA,"DNA",NA,"see document","ATAC buffer",NA,"True","2017-06-21","ENCODE",NA,NA,NA,2,NA,NA,NA,NA,NA,NA,"ENCFF209VTX",519247386,"Anshul Kundaje, Stanford","386ea8e2ac1a36733cd1094c4654cd1f",NA,"https://www.encodeproject.org/files/ENCFF434BCH/@@download/ENCFF434BCH.bigWig","mm10",NA,NA,"released",NA,NA,"experiment not submitted to GEO",NA,NA
"30","ENCFF878HWK","bigWig","fold change over control","ENCSR889WQX","ATAC-seq","UBERON:0001870","frontal cortex","tissue","Mus musculus",NA,NA,NA,NA,"DNA",NA,"see document","ATAC buffer",NA,"True","2017-06-21","ENCODE",NA,NA,NA,1,NA,NA,NA,NA,NA,NA,"ENCFF018VSA",397183906,"Anshul Kundaje, Stanford","cb03d9c620e183e5f43de0f41a2297f0",NA,"https://www.encodeproject.org/files/ENCFF878HWK/@@download/ENCFF878HWK.bigWig","mm10",NA,NA,"released",NA,NA,"experiment not submitted to GEO",NA,NA
"31","ENCFF873VGR","bam","alignments","ENCSR312LQX","ATAC-seq","UBERON:0002028","hindbrain","tissue","Mus musculus",NA,NA,NA,NA,"DNA",NA,"","ATAC_buffer",NA,"False","2017-05-10","ENCODE",NA,NA,NA,1,NA,NA,NA,NA,NA,NA,"ENCFF131VHT, ENCFF547YID",2795255623,"Anshul Kundaje, Stanford","e920933d58d39bc9898fb2e00700925b",NA,"https://www.encodeproject.org/files/ENCFF873VGR/@@download/ENCFF873VGR.bam","mm10",NA,NA,"released",NA,NA,"experiment not submitted to GEO",NA,NA
"32","ENCFF597GFP","bam","alignments","ENCSR312LQX","ATAC-seq","UBERON:0002028","hindbrain","tissue","Mus musculus",NA,NA,NA,NA,"DNA",NA,"","ATAC_buffer",NA,"False","2017-05-10","ENCODE",NA,NA,NA,2,NA,NA,NA,NA,NA,NA,"ENCFF215WAD, ENCFF971XEA",4578751656,"Anshul Kundaje, Stanford","831bfb6e8bca350f3f4548fcf5b9f69f",NA,"https://www.encodeproject.org/files/ENCFF597GFP/@@download/ENCFF597GFP.bam","mm10",NA,NA,"released",NA,NA,"experiment not submitted to GEO",NA,NA
"33","ENCFF423KPF","bigWig","signal p-value","ENCSR312LQX","ATAC-seq","UBERON:0002028","hindbrain","tissue","Mus musculus",NA,NA,NA,NA,"DNA",NA,"","ATAC_buffer",NA,"False","2017-05-10","ENCODE",NA,NA,NA,1,NA,NA,NA,NA,NA,NA,"ENCFF873VGR",424359619,"Anshul Kundaje, Stanford","aba0958e4f19d198110c8b257a3deb00",NA,"https://www.encodeproject.org/files/ENCFF423KPF/@@download/ENCFF423KPF.bigWig","mm10",NA,NA,"released",NA,NA,"experiment not submitted to GEO",NA,NA
"34","ENCFF769DFG","bigWig","signal p-value","ENCSR312LQX","ATAC-seq","UBERON:0002028","hindbrain","tissue","Mus musculus",NA,NA,NA,NA,"DNA",NA,"","ATAC_buffer",NA,"False","2017-05-10","ENCODE",NA,NA,NA,2,NA,NA,NA,NA,NA,NA,"ENCFF597GFP",951306249,"Anshul Kundaje, Stanford","476ea99156d4f895b6c4de3d578f41ef",NA,"https://www.encodeproject.org/files/ENCFF769DFG/@@download/ENCFF769DFG.bigWig","mm10",NA,NA,"released",NA,NA,"experiment not submitted to GEO",NA,NA
"35","ENCFF609BWE","bigWig","fold change over control","ENCSR312LQX","ATAC-seq","UBERON:0002028","hindbrain","tissue","Mus musculus",NA,NA,NA,NA,"DNA",NA,"","ATAC_buffer",NA,"False","2017-05-10","ENCODE",NA,NA,NA,1,NA,NA,NA,NA,NA,NA,"ENCFF873VGR",666947289,"Anshul Kundaje, Stanford","799b6a2090df70abae2c89e483e3e51d",NA,"https://www.encodeproject.org/files/ENCFF609BWE/@@download/ENCFF609BWE.bigWig","mm10",NA,NA,"released",NA,NA,"experiment not submitted to GEO",NA,NA
"36","ENCFF551HJC","bigWig","fold change over control","ENCSR312LQX","ATAC-seq","UBERON:0002028","hindbrain","tissue","Mus musculus",NA,NA,NA,NA,"DNA",NA,"","ATAC_buffer",NA,"False","2017-05-10","ENCODE",NA,NA,NA,2,NA,NA,NA,NA,NA,NA,"ENCFF597GFP",1121786900,"Anshul Kundaje, Stanford","b5092905e58a77c21657fbf225737f2b",NA,"https://www.encodeproject.org/files/ENCFF551HJC/@@download/ENCFF551HJC.bigWig","mm10",NA,NA,"released",NA,NA,"experiment not submitted to GEO",NA,NA
"37","ENCFF535DAV","bam","alignments","ENCSR310MLB","ATAC-seq","UBERON:0001890","forebrain","tissue","Mus musculus",NA,NA,NA,NA,"DNA",NA,"","ATAC_buffer",NA,"False","2017-05-10","ENCODE",NA,NA,NA,2,NA,NA,NA,NA,NA,NA,"ENCFF197GTC, ENCFF209GGJ",2528768409,"Anshul Kundaje, Stanford","4dc9fadef4ecaf4e4713d4893b9cade1",NA,"https://www.encodeproject.org/files/ENCFF535DAV/@@download/ENCFF535DAV.bam","mm10",NA,NA,"released",NA,NA,"experiment not submitted to GEO",NA,NA
"38","ENCFF337ETV","bam","alignments","ENCSR310MLB","ATAC-seq","UBERON:0001890","forebrain","tissue","Mus musculus",NA,NA,NA,NA,"DNA",NA,"","ATAC_buffer",NA,"False","2017-05-10","ENCODE",NA,NA,NA,1,NA,NA,NA,NA,NA,NA,"ENCFF296GZG, ENCFF664RZO",3157842516,"Anshul Kundaje, Stanford","31efaa1988e82b7b2850255c6ed9222b",NA,"https://www.encodeproject.org/files/ENCFF337ETV/@@download/ENCFF337ETV.bam","mm10",NA,NA,"released",NA,NA,"experiment not submitted to GEO",NA,NA
"39","ENCFF995ODT","bigWig","signal p-value","ENCSR310MLB","ATAC-seq","UBERON:0001890","forebrain","tissue","Mus musculus",NA,NA,NA,NA,"DNA",NA,"","ATAC_buffer",NA,"False","2017-05-10","ENCODE",NA,NA,NA,1,NA,NA,NA,NA,NA,NA,"ENCFF337ETV",556014894,"Anshul Kundaje, Stanford","983b63eef4f52158493eb1586d3adfaf",NA,"https://www.encodeproject.org/files/ENCFF995ODT/@@download/ENCFF995ODT.bigWig","mm10",NA,NA,"released",NA,NA,"experiment not submitted to GEO",NA,NA
"40","ENCFF588MMH","bigWig","signal p-value","ENCSR310MLB","ATAC-seq","UBERON:0001890","forebrain","tissue","Mus musculus",NA,NA,NA,NA,"DNA",NA,"","ATAC_buffer",NA,"False","2017-05-10","ENCODE",NA,NA,NA,2,NA,NA,NA,NA,NA,NA,"ENCFF535DAV",611357747,"Anshul Kundaje, Stanford","f49acc7fe2ee298bcfbe5bef4eeeb311",NA,"https://www.encodeproject.org/files/ENCFF588MMH/@@download/ENCFF588MMH.bigWig","mm10",NA,NA,"released",NA,NA,"experiment not submitted to GEO",NA,NA
"41","ENCFF223KGF","bigWig","fold change over control","ENCSR310MLB","ATAC-seq","UBERON:0001890","forebrain","tissue","Mus musculus",NA,NA,NA,NA,"DNA",NA,"","ATAC_buffer",NA,"False","2017-05-10","ENCODE",NA,NA,NA,2,NA,NA,NA,NA,NA,NA,"ENCFF535DAV",596151612,"Anshul Kundaje, Stanford","b66ca7599ed3c8a6a71011f2536b0ddc",NA,"https://www.encodeproject.org/files/ENCFF223KGF/@@download/ENCFF223KGF.bigWig","mm10",NA,NA,"released",NA,NA,"experiment not submitted to GEO",NA,NA
"42","ENCFF092DWB","bigWig","fold change over control","ENCSR310MLB","ATAC-seq","UBERON:0001890","forebrain","tissue","Mus musculus",NA,NA,NA,NA,"DNA",NA,"","ATAC_buffer",NA,"False","2017-05-10","ENCODE",NA,NA,NA,1,NA,NA,NA,NA,NA,NA,"ENCFF337ETV",662187034,"Anshul Kundaje, Stanford","dbb1f729b9a38e187ee4615220c38a07",NA,"https://www.encodeproject.org/files/ENCFF092DWB/@@download/ENCFF092DWB.bigWig","mm10",NA,NA,"released",NA,NA,"experiment not submitted to GEO",NA,NA
"43","ENCFF798QON","bam","alignments","ENCSR903GMO","ATAC-seq","UBERON:0001890","forebrain","tissue","Mus musculus",NA,NA,NA,NA,"DNA",NA,"","ATAC_buffer",NA,"False","2017-05-10","ENCODE",NA,NA,NA,1,NA,NA,NA,NA,NA,NA,"ENCFF401VUV, ENCFF898NRO",3437320543,"Anshul Kundaje, Stanford","fa52a026e3cafd8176daad06ae19274b",NA,"https://www.encodeproject.org/files/ENCFF798QON/@@download/ENCFF798QON.bam","mm10",NA,NA,"released",NA,NA,"experiment not submitted to GEO",NA,NA
"44","ENCFF592ZRO","bam","alignments","ENCSR903GMO","ATAC-seq","UBERON:0001890","forebrain","tissue","Mus musculus",NA,NA,NA,NA,"DNA",NA,"","ATAC_buffer",NA,"False","2017-05-10","ENCODE",NA,NA,NA,2,NA,NA,NA,NA,NA,NA,"ENCFF721LGJ, ENCFF777UKE",3552153138,"Anshul Kundaje, Stanford","a4ab1a46e2c111100fc31a3c53ba7a97",NA,"https://www.encodeproject.org/files/ENCFF592ZRO/@@download/ENCFF592ZRO.bam","mm10",NA,NA,"released",NA,NA,"experiment not submitted to GEO",NA,NA
"45","ENCFF450ZSN","bigWig","signal p-value","ENCSR903GMO","ATAC-seq","UBERON:0001890","forebrain","tissue","Mus musculus",NA,NA,NA,NA,"DNA",NA,"","ATAC_buffer",NA,"False","2017-05-10","ENCODE",NA,NA,NA,1,NA,NA,NA,NA,NA,NA,"ENCFF798QON",689838132,"Anshul Kundaje, Stanford","a12aa75c433b074db49cab25db436270",NA,"https://www.encodeproject.org/files/ENCFF450ZSN/@@download/ENCFF450ZSN.bigWig","mm10",NA,NA,"released",NA,NA,"experiment not submitted to GEO",NA,NA
"46","ENCFF023RTK","bigWig","signal p-value","ENCSR903GMO","ATAC-seq","UBERON:0001890","forebrain","tissue","Mus musculus",NA,NA,NA,NA,"DNA",NA,"","ATAC_buffer",NA,"False","2017-05-10","ENCODE",NA,NA,NA,2,NA,NA,NA,NA,NA,NA,"ENCFF592ZRO",663520880,"Anshul Kundaje, Stanford","f77892f60a3785dca0753b59c6f055ea",NA,"https://www.encodeproject.org/files/ENCFF023RTK/@@download/ENCFF023RTK.bigWig","mm10",NA,NA,"released",NA,NA,"experiment not submitted to GEO",NA,NA
"47","ENCFF654YSF","bigWig","fold change over control","ENCSR903GMO","ATAC-seq","UBERON:0001890","forebrain","tissue","Mus musculus",NA,NA,NA,NA,"DNA",NA,"","ATAC_buffer",NA,"False","2017-05-10","ENCODE",NA,NA,NA,1,NA,NA,NA,NA,NA,NA,"ENCFF798QON",778734055,"Anshul Kundaje, Stanford","8c038ab3bf51d4f010cfef1844ad89a4",NA,"https://www.encodeproject.org/files/ENCFF654YSF/@@download/ENCFF654YSF.bigWig","mm10",NA,NA,"released",NA,NA,"experiment not submitted to GEO",NA,NA
"48","ENCFF938RFY","bigWig","fold change over control","ENCSR903GMO","ATAC-seq","UBERON:0001890","forebrain","tissue","Mus musculus",NA,NA,NA,NA,"DNA",NA,"","ATAC_buffer",NA,"False","2017-05-10","ENCODE",NA,NA,NA,2,NA,NA,NA,NA,NA,NA,"ENCFF592ZRO",785304939,"Anshul Kundaje, Stanford","1db942e1c7340a4505aaf1589a4265b3",NA,"https://www.encodeproject.org/files/ENCFF938RFY/@@download/ENCFF938RFY.bigWig","mm10",NA,NA,"released",NA,NA,"experiment not submitted to GEO",NA,NA
"49","ENCFF632DLR","bam","alignments","ENCSR623GSD","ATAC-seq","UBERON:0002028","hindbrain","tissue","Mus musculus",NA,NA,NA,NA,"DNA",NA,"","ATAC_buffer",NA,"False","2017-05-10","ENCODE",NA,NA,NA,1,NA,NA,NA,NA,NA,NA,"ENCFF196ILN, ENCFF568THX",3057623652,"Anshul Kundaje, Stanford","a5541cabebfbe214440df2171c4a2854",NA,"https://www.encodeproject.org/files/ENCFF632DLR/@@download/ENCFF632DLR.bam","mm10",NA,NA,"released",NA,NA,"experiment not submitted to GEO",NA,NA
"50","ENCFF913EAN","bam","alignments","ENCSR623GSD","ATAC-seq","UBERON:0002028","hindbrain","tissue","Mus musculus",NA,NA,NA,NA,"DNA",NA,"","ATAC_buffer",NA,"False","2017-05-10","ENCODE",NA,NA,NA,2,NA,NA,NA,NA,NA,NA,"ENCFF946KOT, ENCFF950API",3583110215,"Anshul Kundaje, Stanford","f232b7e3e31cbc72fd8e781c7fbf90d6",NA,"https://www.encodeproject.org/files/ENCFF913EAN/@@download/ENCFF913EAN.bam","mm10",NA,NA,"released",NA,NA,"experiment not submitted to GEO",NA,NA
"51","ENCFF301YJV","bigWig","signal p-value","ENCSR623GSD","ATAC-seq","UBERON:0002028","hindbrain","tissue","Mus musculus",NA,NA,NA,NA,"DNA",NA,"","ATAC_buffer",NA,"False","2017-05-10","ENCODE",NA,NA,NA,1,NA,NA,NA,NA,NA,NA,"ENCFF632DLR",746090525,"Anshul Kundaje, Stanford","0e77bdefcec1e0c9568b2324fb4a9c78",NA,"https://www.encodeproject.org/files/ENCFF301YJV/@@download/ENCFF301YJV.bigWig","mm10",NA,NA,"released",NA,NA,"experiment not submitted to GEO",NA,NA
"52","ENCFF695UMF","bigWig","signal p-value","ENCSR623GSD","ATAC-seq","UBERON:0002028","hindbrain","tissue","Mus musculus",NA,NA,NA,NA,"DNA",NA,"","ATAC_buffer",NA,"False","2017-05-10","ENCODE",NA,NA,NA,2,NA,NA,NA,NA,NA,NA,"ENCFF913EAN",813587570,"Anshul Kundaje, Stanford","fc6254bb795ffb119602e028dfb94a3a",NA,"https://www.encodeproject.org/files/ENCFF695UMF/@@download/ENCFF695UMF.bigWig","mm10",NA,NA,"released",NA,NA,"experiment not submitted to GEO",NA,NA
"53","ENCFF956ZAH","bigWig","fold change over control","ENCSR623GSD","ATAC-seq","UBERON:0002028","hindbrain","tissue","Mus musculus",NA,NA,NA,NA,"DNA",NA,"","ATAC_buffer",NA,"False","2017-05-10","ENCODE",NA,NA,NA,1,NA,NA,NA,NA,NA,NA,"ENCFF632DLR",747869265,"Anshul Kundaje, Stanford","e1e0ae8d05d77ce2582de20eb28df884",NA,"https://www.encodeproject.org/files/ENCFF956ZAH/@@download/ENCFF956ZAH.bigWig","mm10",NA,NA,"released",NA,NA,"experiment not submitted to GEO",NA,NA
"54","ENCFF759JXW","bigWig","fold change over control","ENCSR623GSD","ATAC-seq","UBERON:0002028","hindbrain","tissue","Mus musculus",NA,NA,NA,NA,"DNA",NA,"","ATAC_buffer",NA,"False","2017-05-10","ENCODE",NA,NA,NA,2,NA,NA,NA,NA,NA,NA,"ENCFF913EAN",890841625,"Anshul Kundaje, Stanford","35850eeed8434d7d5e4663f206a63c59",NA,"https://www.encodeproject.org/files/ENCFF759JXW/@@download/ENCFF759JXW.bigWig","mm10",NA,NA,"released",NA,NA,"experiment not submitted to GEO",NA,NA
"55","ENCFF130WMA","bam","alignments","ENCSR836PUC","ATAC-seq","UBERON:0001890","forebrain","tissue","Mus musculus",NA,NA,NA,NA,"DNA",NA,"","ATAC_buffer",NA,"False","2017-05-10","ENCODE",NA,NA,NA,1,NA,NA,NA,NA,NA,NA,"ENCFF588XZG, ENCFF776GDQ",2816004830,"Anshul Kundaje, Stanford","d9407024bf7c85b8fa1afd60c5c87475",NA,"https://www.encodeproject.org/files/ENCFF130WMA/@@download/ENCFF130WMA.bam","mm10",NA,NA,"released",NA,NA,"experiment not submitted to GEO",NA,NA
"56","ENCFF224JRS","bam","alignments","ENCSR836PUC","ATAC-seq","UBERON:0001890","forebrain","tissue","Mus musculus",NA,NA,NA,NA,"DNA",NA,"","ATAC_buffer",NA,"False","2017-05-10","ENCODE",NA,NA,NA,2,NA,NA,NA,NA,NA,NA,"ENCFF058IAE, ENCFF765HUX",2709025080,"Anshul Kundaje, Stanford","e9e09f9c9c55582260c5d46335b86886",NA,"https://www.encodeproject.org/files/ENCFF224JRS/@@download/ENCFF224JRS.bam","mm10",NA,NA,"released",NA,NA,"experiment not submitted to GEO",NA,NA
"57","ENCFF741YXQ","bigWig","signal p-value","ENCSR836PUC","ATAC-seq","UBERON:0001890","forebrain","tissue","Mus musculus",NA,NA,NA,NA,"DNA",NA,"","ATAC_buffer",NA,"False","2017-05-10","ENCODE",NA,NA,NA,2,NA,NA,NA,NA,NA,NA,"ENCFF224JRS",488002939,"Anshul Kundaje, Stanford","5973ded96e4e180df2574590bb5ccdc3",NA,"https://www.encodeproject.org/files/ENCFF741YXQ/@@download/ENCFF741YXQ.bigWig","mm10",NA,NA,"released",NA,NA,"experiment not submitted to GEO",NA,NA
"58","ENCFF459CGS","bigWig","signal p-value","ENCSR836PUC","ATAC-seq","UBERON:0001890","forebrain","tissue","Mus musculus",NA,NA,NA,NA,"DNA",NA,"","ATAC_buffer",NA,"False","2017-05-10","ENCODE",NA,NA,NA,1,NA,NA,NA,NA,NA,NA,"ENCFF130WMA",684434515,"Anshul Kundaje, Stanford","13b48f9f068bea7d48a737898ed13d67",NA,"https://www.encodeproject.org/files/ENCFF459CGS/@@download/ENCFF459CGS.bigWig","mm10",NA,NA,"released",NA,NA,"experiment not submitted to GEO",NA,NA
"59","ENCFF736QLZ","bigWig","fold change over control","ENCSR836PUC","ATAC-seq","UBERON:0001890","forebrain","tissue","Mus musculus",NA,NA,NA,NA,"DNA",NA,"","ATAC_buffer",NA,"False","2017-05-10","ENCODE",NA,NA,NA,2,NA,NA,NA,NA,NA,NA,"ENCFF224JRS",621561449,"Anshul Kundaje, Stanford","06f35f6bbca1744c8c82af10622629e6",NA,"https://www.encodeproject.org/files/ENCFF736QLZ/@@download/ENCFF736QLZ.bigWig","mm10",NA,NA,"released",NA,NA,"experiment not submitted to GEO",NA,NA
"60","ENCFF960LTM","bigWig","fold change over control","ENCSR836PUC","ATAC-seq","UBERON:0001890","forebrain","tissue","Mus musculus",NA,NA,NA,NA,"DNA",NA,"","ATAC_buffer",NA,"False","2017-05-10","ENCODE",NA,NA,NA,1,NA,NA,NA,NA,NA,NA,"ENCFF130WMA",658976660,"Anshul Kundaje, Stanford","55b4a3c943f528e5bbe4331f77e2c185",NA,"https://www.encodeproject.org/files/ENCFF960LTM/@@download/ENCFF960LTM.bigWig","mm10",NA,NA,"released",NA,NA,"experiment not submitted to GEO",NA,NA
"61","ENCFF204CQS","bam","alignments","ENCSR088UYE","ATAC-seq","UBERON:0002028","hindbrain","tissue","Mus musculus",NA,NA,NA,NA,"DNA",NA,"","ATAC_buffer",NA,"False","2017-05-10","ENCODE",NA,NA,NA,2,NA,NA,NA,NA,NA,NA,"ENCFF199WNL, ENCFF968KUR",3659501853,"Anshul Kundaje, Stanford","7984b7ac0dbc89166e4f15d0eda32bff",NA,"https://www.encodeproject.org/files/ENCFF204CQS/@@download/ENCFF204CQS.bam","mm10",NA,NA,"released",NA,NA,"experiment not submitted to GEO",NA,NA
"62","ENCFF185XPS","bam","alignments","ENCSR088UYE","ATAC-seq","UBERON:0002028","hindbrain","tissue","Mus musculus",NA,NA,NA,NA,"DNA",NA,"","ATAC_buffer",NA,"False","2017-05-10","ENCODE",NA,NA,NA,1,NA,NA,NA,NA,NA,NA,"ENCFF824PVC, ENCFF954MPR",3625883138,"Anshul Kundaje, Stanford","6e954410aa6b5fde6743c83b62822dd5",NA,"https://www.encodeproject.org/files/ENCFF185XPS/@@download/ENCFF185XPS.bam","mm10",NA,NA,"released",NA,NA,"experiment not submitted to GEO",NA,NA
"63","ENCFF145OQB","bigWig","signal p-value","ENCSR088UYE","ATAC-seq","UBERON:0002028","hindbrain","tissue","Mus musculus",NA,NA,NA,NA,"DNA",NA,"","ATAC_buffer",NA,"False","2017-05-10","ENCODE",NA,NA,NA,1,NA,NA,NA,NA,NA,NA,"ENCFF185XPS",732413380,"Anshul Kundaje, Stanford","f55fbad94925c209d87b9b4bd62bb878",NA,"https://www.encodeproject.org/files/ENCFF145OQB/@@download/ENCFF145OQB.bigWig","mm10",NA,NA,"released",NA,NA,"experiment not submitted to GEO",NA,NA
"64","ENCFF280GGO","bigWig","signal p-value","ENCSR088UYE","ATAC-seq","UBERON:0002028","hindbrain","tissue","Mus musculus",NA,NA,NA,NA,"DNA",NA,"","ATAC_buffer",NA,"False","2017-05-10","ENCODE",NA,NA,NA,2,NA,NA,NA,NA,NA,NA,"ENCFF204CQS",727667217,"Anshul Kundaje, Stanford","c5f6a71167b5967b4ccca9271b66dde0",NA,"https://www.encodeproject.org/files/ENCFF280GGO/@@download/ENCFF280GGO.bigWig","mm10",NA,NA,"released",NA,NA,"experiment not submitted to GEO",NA,NA
"65","ENCFF860QUH","bigWig","fold change over control","ENCSR088UYE","ATAC-seq","UBERON:0002028","hindbrain","tissue","Mus musculus",NA,NA,NA,NA,"DNA",NA,"","ATAC_buffer",NA,"False","2017-05-10","ENCODE",NA,NA,NA,1,NA,NA,NA,NA,NA,NA,"ENCFF185XPS",810090674,"Anshul Kundaje, Stanford","aec0890b4bdfa26e62a41a0ec9bbd0cf",NA,"https://www.encodeproject.org/files/ENCFF860QUH/@@download/ENCFF860QUH.bigWig","mm10",NA,NA,"released",NA,NA,"experiment not submitted to GEO",NA,NA
"66","ENCFF140WFP","bigWig","fold change over control","ENCSR088UYE","ATAC-seq","UBERON:0002028","hindbrain","tissue","Mus musculus",NA,NA,NA,NA,"DNA",NA,"","ATAC_buffer",NA,"False","2017-05-10","ENCODE",NA,NA,NA,2,NA,NA,NA,NA,NA,NA,"ENCFF204CQS",808279328,"Anshul Kundaje, Stanford","1fd87aff4b14d8cb5a4fb7912d246c5b",NA,"https://www.encodeproject.org/files/ENCFF140WFP/@@download/ENCFF140WFP.bigWig","mm10",NA,NA,"released",NA,NA,"experiment not submitted to GEO",NA,NA
"67","ENCFF336VLY","bam","alignments","ENCSR810HQR","ATAC-seq","UBERON:0001890","forebrain","tissue","Mus musculus",NA,NA,NA,NA,"DNA",NA,"","ATAC_buffer",NA,"False","2017-05-10","ENCODE",NA,NA,NA,1,NA,NA,NA,NA,NA,NA,"ENCFF048MTG, ENCFF890LGM",2497047277,"Anshul Kundaje, Stanford","a2215aac8a38d807b2c99396169dfcef",NA,"https://www.encodeproject.org/files/ENCFF336VLY/@@download/ENCFF336VLY.bam","mm10",NA,NA,"released",NA,NA,"experiment not submitted to GEO",NA,NA
"68","ENCFF407NCE","bam","alignments","ENCSR810HQR","ATAC-seq","UBERON:0001890","forebrain","tissue","Mus musculus",NA,NA,NA,NA,"DNA",NA,"","ATAC_buffer",NA,"False","2017-05-10","ENCODE",NA,NA,NA,2,NA,NA,NA,NA,NA,NA,"ENCFF633MTW, ENCFF666DRJ",3323095212,"Anshul Kundaje, Stanford","3e96f30665e0f86ce38465becd6da757",NA,"https://www.encodeproject.org/files/ENCFF407NCE/@@download/ENCFF407NCE.bam","mm10",NA,NA,"released",NA,NA,"experiment not submitted to GEO",NA,NA
"69","ENCFF056TPU","bigWig","signal p-value","ENCSR810HQR","ATAC-seq","UBERON:0001890","forebrain","tissue","Mus musculus",NA,NA,NA,NA,"DNA",NA,"","ATAC_buffer",NA,"False","2017-05-10","ENCODE",NA,NA,NA,1,NA,NA,NA,NA,NA,NA,"ENCFF336VLY",502972362,"Anshul Kundaje, Stanford","38d87edfd0996cc501b5b68657174eda",NA,"https://www.encodeproject.org/files/ENCFF056TPU/@@download/ENCFF056TPU.bigWig","mm10",NA,NA,"released",NA,NA,"experiment not submitted to GEO",NA,NA
"70","ENCFF564MCY","bigWig","signal p-value","ENCSR810HQR","ATAC-seq","UBERON:0001890","forebrain","tissue","Mus musculus",NA,NA,NA,NA,"DNA",NA,"","ATAC_buffer",NA,"False","2017-05-10","ENCODE",NA,NA,NA,2,NA,NA,NA,NA,NA,NA,"ENCFF407NCE",764011483,"Anshul Kundaje, Stanford","c4dbd47323d49b87091a53cee0fe84fa",NA,"https://www.encodeproject.org/files/ENCFF564MCY/@@download/ENCFF564MCY.bigWig","mm10",NA,NA,"released",NA,NA,"experiment not submitted to GEO",NA,NA
"71","ENCFF066SXZ","bigWig","fold change over control","ENCSR810HQR","ATAC-seq","UBERON:0001890","forebrain","tissue","Mus musculus",NA,NA,NA,NA,"DNA",NA,"","ATAC_buffer",NA,"False","2017-05-10","ENCODE",NA,NA,NA,2,NA,NA,NA,NA,NA,NA,"ENCFF407NCE",757539248,"Anshul Kundaje, Stanford","87c7f1f7ba75112de93a771e8fe86568",NA,"https://www.encodeproject.org/files/ENCFF066SXZ/@@download/ENCFF066SXZ.bigWig","mm10",NA,NA,"released",NA,NA,"experiment not submitted to GEO",NA,NA
"72","ENCFF845NRJ","bigWig","fold change over control","ENCSR810HQR","ATAC-seq","UBERON:0001890","forebrain","tissue","Mus musculus",NA,NA,NA,NA,"DNA",NA,"","ATAC_buffer",NA,"False","2017-05-10","ENCODE",NA,NA,NA,1,NA,NA,NA,NA,NA,NA,"ENCFF336VLY",566844382,"Anshul Kundaje, Stanford","6741b35dbc2bf37412c6efb675691726",NA,"https://www.encodeproject.org/files/ENCFF845NRJ/@@download/ENCFF845NRJ.bigWig","mm10",NA,NA,"released",NA,NA,"experiment not submitted to GEO",NA,NA
"73","ENCFF788FML","bam","alignments","ENCSR382RUC","ATAC-seq","UBERON:0001891","midbrain","tissue","Mus musculus",NA,NA,NA,NA,"DNA",NA,"","ATAC_buffer",NA,"False","2017-05-10","ENCODE",NA,NA,NA,1,NA,NA,NA,NA,NA,NA,"ENCFF236CXJ, ENCFF747ZCB",4580027188,"Anshul Kundaje, Stanford","71886ba3f2ed6beb593cfa158e0f9796",NA,"https://www.encodeproject.org/files/ENCFF788FML/@@download/ENCFF788FML.bam","mm10",NA,NA,"released",NA,NA,"experiment not submitted to GEO",NA,NA
"74","ENCFF879AYI","bam","alignments","ENCSR382RUC","ATAC-seq","UBERON:0001891","midbrain","tissue","Mus musculus",NA,NA,NA,NA,"DNA",NA,"","ATAC_buffer",NA,"False","2017-05-10","ENCODE",NA,NA,NA,2,NA,NA,NA,NA,NA,NA,"ENCFF315TMY, ENCFF752YLN",3333680777,"Anshul Kundaje, Stanford","891c90615e92000c6861e1dc91a61875",NA,"https://www.encodeproject.org/files/ENCFF879AYI/@@download/ENCFF879AYI.bam","mm10",NA,NA,"released",NA,NA,"experiment not submitted to GEO",NA,NA
"75","ENCFF492PHS","bigWig","signal p-value","ENCSR382RUC","ATAC-seq","UBERON:0001891","midbrain","tissue","Mus musculus",NA,NA,NA,NA,"DNA",NA,"","ATAC_buffer",NA,"False","2017-05-10","ENCODE",NA,NA,NA,2,NA,NA,NA,NA,NA,NA,"ENCFF879AYI",609083217,"Anshul Kundaje, Stanford","14bfd9cca1b440951ebdaaa86c547d0b",NA,"https://www.encodeproject.org/files/ENCFF492PHS/@@download/ENCFF492PHS.bigWig","mm10",NA,NA,"released",NA,NA,"experiment not submitted to GEO",NA,NA
"76","ENCFF964FDT","bigWig","signal p-value","ENCSR382RUC","ATAC-seq","UBERON:0001891","midbrain","tissue","Mus musculus",NA,NA,NA,NA,"DNA",NA,"","ATAC_buffer",NA,"False","2017-05-10","ENCODE",NA,NA,NA,1,NA,NA,NA,NA,NA,NA,"ENCFF788FML",685375911,"Anshul Kundaje, Stanford","547d6524d9f32a6ce94cb9353dc6288f",NA,"https://www.encodeproject.org/files/ENCFF964FDT/@@download/ENCFF964FDT.bigWig","mm10",NA,NA,"released",NA,NA,"experiment not submitted to GEO",NA,NA
"77","ENCFF246HHN","bigWig","fold change over control","ENCSR382RUC","ATAC-seq","UBERON:0001891","midbrain","tissue","Mus musculus",NA,NA,NA,NA,"DNA",NA,"","ATAC_buffer",NA,"False","2017-05-10","ENCODE",NA,NA,NA,2,NA,NA,NA,NA,NA,NA,"ENCFF879AYI",730503285,"Anshul Kundaje, Stanford","f1d3f8b1d594a82ee461d074d21b6bfc",NA,"https://www.encodeproject.org/files/ENCFF246HHN/@@download/ENCFF246HHN.bigWig","mm10",NA,NA,"released",NA,NA,"experiment not submitted to GEO",NA,NA
"78","ENCFF889QAK","bigWig","fold change over control","ENCSR382RUC","ATAC-seq","UBERON:0001891","midbrain","tissue","Mus musculus",NA,NA,NA,NA,"DNA",NA,"","ATAC_buffer",NA,"False","2017-05-10","ENCODE",NA,NA,NA,1,NA,NA,NA,NA,NA,NA,"ENCFF788FML",1023892204,"Anshul Kundaje, Stanford","809be05d9eaf9624d9894ac2ca877210",NA,"https://www.encodeproject.org/files/ENCFF889QAK/@@download/ENCFF889QAK.bigWig","mm10",NA,NA,"released",NA,NA,"experiment not submitted to GEO",NA,NA
"79","ENCFF046URS","bam","alignments","ENCSR554JQP","ATAC-seq","UBERON:0002037","cerebellum","tissue","Mus musculus",NA,NA,NA,NA,"DNA",NA,"see document","ATAC buffer",NA,"True","2017-10-09","ENCODE",NA,NA,NA,2,NA,NA,NA,NA,NA,NA,"ENCFF856AGF, ENCFF896HKX",1517853281,"Anshul Kundaje, Stanford","fef509557553d1dc7d13299f4cd2ae97",NA,"https://www.encodeproject.org/files/ENCFF046URS/@@download/ENCFF046URS.bam","mm10",NA,NA,"released",NA,NA,"experiment not submitted to GEO",NA,NA
"80","ENCFF263KKI","bam","alignments","ENCSR554JQP","ATAC-seq","UBERON:0002037","cerebellum","tissue","Mus musculus",NA,NA,NA,NA,"DNA",NA,"see document","ATAC buffer",NA,"True","2017-10-09","ENCODE",NA,NA,NA,1,NA,NA,NA,NA,NA,NA,"ENCFF117BTA, ENCFF187TFB, ENCFF300LZD, ENCFF606DRR",2370822944,"Anshul Kundaje, Stanford","80bad298824fe04e324dea749ceeb975",NA,"https://www.encodeproject.org/files/ENCFF263KKI/@@download/ENCFF263KKI.bam","mm10",NA,NA,"released",NA,NA,"experiment not submitted to GEO",NA,NA
"81","ENCFF324THC","bigWig","signal p-value","ENCSR554JQP","ATAC-seq","UBERON:0002037","cerebellum","tissue","Mus musculus",NA,NA,NA,NA,"DNA",NA,"see document","ATAC buffer",NA,"True","2017-10-09","ENCODE",NA,NA,NA,2,NA,NA,NA,NA,NA,NA,"ENCFF046URS",283292299,"Anshul Kundaje, Stanford","62cf373ab8d90f2a53350bab8f6d52cd",NA,"https://www.encodeproject.org/files/ENCFF324THC/@@download/ENCFF324THC.bigWig","mm10",NA,NA,"released",NA,NA,"experiment not submitted to GEO",NA,NA
"82","ENCFF793QZJ","bigWig","fold change over control","ENCSR554JQP","ATAC-seq","UBERON:0002037","cerebellum","tissue","Mus musculus",NA,NA,NA,NA,"DNA",NA,"see document","ATAC buffer",NA,"True","2017-10-09","ENCODE",NA,NA,NA,2,NA,NA,NA,NA,NA,NA,"ENCFF046URS",356096949,"Anshul Kundaje, Stanford","8bb3888b6777dc3193113f2b8f4c7f8b",NA,"https://www.encodeproject.org/files/ENCFF793QZJ/@@download/ENCFF793QZJ.bigWig","mm10",NA,NA,"released",NA,NA,"experiment not submitted to GEO",NA,NA
"83","ENCFF674MTJ","bigWig","signal p-value","ENCSR554JQP","ATAC-seq","UBERON:0002037","cerebellum","tissue","Mus musculus",NA,NA,NA,NA,"DNA",NA,"see document","ATAC buffer",NA,"True","2017-10-09","ENCODE",NA,NA,NA,1,NA,NA,NA,NA,NA,NA,"ENCFF263KKI",313962046,"Anshul Kundaje, Stanford","c566ef13357a4e8f439b42cfcc6b6f74",NA,"https://www.encodeproject.org/files/ENCFF674MTJ/@@download/ENCFF674MTJ.bigWig","mm10",NA,NA,"released",NA,NA,"experiment not submitted to GEO",NA,NA
"84","ENCFF329SPM","bigWig","fold change over control","ENCSR554JQP","ATAC-seq","UBERON:0002037","cerebellum","tissue","Mus musculus",NA,NA,NA,NA,"DNA",NA,"see document","ATAC buffer",NA,"True","2017-10-09","ENCODE",NA,NA,NA,1,NA,NA,NA,NA,NA,NA,"ENCFF263KKI",455439142,"Anshul Kundaje, Stanford","5c56488ed20db5f93af84f888fbc37fd",NA,"https://www.encodeproject.org/files/ENCFF329SPM/@@download/ENCFF329SPM.bigWig","mm10",NA,NA,"released",NA,NA,"experiment not submitted to GEO",NA,NA
"85","ENCFF222REZ","bam","alignments","ENCSR096JCC","ATAC-seq","UBERON:0001891","midbrain","tissue","Mus musculus",NA,NA,NA,NA,"DNA",NA,"","ATAC_buffer",NA,"False","2017-05-10","ENCODE",NA,NA,NA,2,NA,NA,NA,NA,NA,NA,"ENCFF518FPU, ENCFF754FRO",2607123926,"Anshul Kundaje, Stanford","3e2c14bcc9590d10589310afff1f98ba",NA,"https://www.encodeproject.org/files/ENCFF222REZ/@@download/ENCFF222REZ.bam","mm10",NA,NA,"released",NA,NA,"experiment not submitted to GEO",NA,NA
"86","ENCFF060SRR","bam","alignments","ENCSR096JCC","ATAC-seq","UBERON:0001891","midbrain","tissue","Mus musculus",NA,NA,NA,NA,"DNA",NA,"","ATAC_buffer",NA,"False","2017-05-10","ENCODE",NA,NA,NA,1,NA,NA,NA,NA,NA,NA,"ENCFF458XRA, ENCFF882GWB",3746200279,"Anshul Kundaje, Stanford","2513ecb5d42a5f70af5c7de899caff62",NA,"https://www.encodeproject.org/files/ENCFF060SRR/@@download/ENCFF060SRR.bam","mm10",NA,NA,"released",NA,NA,"experiment not submitted to GEO",NA,NA
"87","ENCFF428QAF","bigWig","fold change over control","ENCSR096JCC","ATAC-seq","UBERON:0001891","midbrain","tissue","Mus musculus",NA,NA,NA,NA,"DNA",NA,"","ATAC_buffer",NA,"False","2017-05-10","ENCODE",NA,NA,NA,2,NA,NA,NA,NA,NA,NA,"ENCFF222REZ",593577729,"Anshul Kundaje, Stanford","1492d3fa360517a5a419bc97ad006107",NA,"https://www.encodeproject.org/files/ENCFF428QAF/@@download/ENCFF428QAF.bigWig","mm10",NA,NA,"released",NA,NA,"experiment not submitted to GEO",NA,NA
"88","ENCFF726WLC","bigWig","signal p-value","ENCSR096JCC","ATAC-seq","UBERON:0001891","midbrain","tissue","Mus musculus",NA,NA,NA,NA,"DNA",NA,"","ATAC_buffer",NA,"False","2017-05-10","ENCODE",NA,NA,NA,1,NA,NA,NA,NA,NA,NA,"ENCFF060SRR",711677049,"Anshul Kundaje, Stanford","5f783354de68e42f8c19798cdd09e551",NA,"https://www.encodeproject.org/files/ENCFF726WLC/@@download/ENCFF726WLC.bigWig","mm10",NA,NA,"released",NA,NA,"experiment not submitted to GEO",NA,NA
"89","ENCFF456SBJ","bigWig","signal p-value","ENCSR096JCC","ATAC-seq","UBERON:0001891","midbrain","tissue","Mus musculus",NA,NA,NA,NA,"DNA",NA,"","ATAC_buffer",NA,"False","2017-05-10","ENCODE",NA,NA,NA,2,NA,NA,NA,NA,NA,NA,"ENCFF222REZ",535382867,"Anshul Kundaje, Stanford","74ab1846dac67cf07f2a625831ad6c4c",NA,"https://www.encodeproject.org/files/ENCFF456SBJ/@@download/ENCFF456SBJ.bigWig","mm10",NA,NA,"released",NA,NA,"experiment not submitted to GEO",NA,NA
"90","ENCFF242FBC","bigWig","fold change over control","ENCSR096JCC","ATAC-seq","UBERON:0001891","midbrain","tissue","Mus musculus",NA,NA,NA,NA,"DNA",NA,"","ATAC_buffer",NA,"False","2017-05-10","ENCODE",NA,NA,NA,1,NA,NA,NA,NA,NA,NA,"ENCFF060SRR",889715032,"Anshul Kundaje, Stanford","dc0c444160394f56d69e80b4d2371a76",NA,"https://www.encodeproject.org/files/ENCFF242FBC/@@download/ENCFF242FBC.bigWig","mm10",NA,NA,"released",NA,NA,"experiment not submitted to GEO",NA,NA
"91","ENCFF100IBX","bam","alignments","ENCSR468GUI","ATAC-seq","UBERON:0001891","midbrain","tissue","Mus musculus",NA,NA,NA,NA,"DNA",NA,"","ATAC_buffer",NA,"False","2017-05-10","ENCODE",NA,NA,NA,2,NA,NA,NA,NA,NA,NA,"ENCFF267LVT, ENCFF347QTV",3160558116,"Anshul Kundaje, Stanford","843b36c0d448f1d01d121d9221cb7c83",NA,"https://www.encodeproject.org/files/ENCFF100IBX/@@download/ENCFF100IBX.bam","mm10",NA,NA,"released",NA,NA,"experiment not submitted to GEO",NA,NA
"92","ENCFF060YWL","bam","alignments","ENCSR468GUI","ATAC-seq","UBERON:0001891","midbrain","tissue","Mus musculus",NA,NA,NA,NA,"DNA",NA,"","ATAC_buffer",NA,"False","2017-05-10","ENCODE",NA,NA,NA,1,NA,NA,NA,NA,NA,NA,"ENCFF187YXW, ENCFF865ZYW",4192028891,"Anshul Kundaje, Stanford","7e866a502ad9ccb29a140930b66ffa2f",NA,"https://www.encodeproject.org/files/ENCFF060YWL/@@download/ENCFF060YWL.bam","mm10",NA,NA,"released",NA,NA,"experiment not submitted to GEO",NA,NA
"93","ENCFF339WWB","bigWig","signal p-value","ENCSR468GUI","ATAC-seq","UBERON:0001891","midbrain","tissue","Mus musculus",NA,NA,NA,NA,"DNA",NA,"","ATAC_buffer",NA,"False","2017-05-10","ENCODE",NA,NA,NA,2,NA,NA,NA,NA,NA,NA,"ENCFF100IBX",628623999,"Anshul Kundaje, Stanford","dc50f043d73e8a16eb0377b38c4047df",NA,"https://www.encodeproject.org/files/ENCFF339WWB/@@download/ENCFF339WWB.bigWig","mm10",NA,NA,"released",NA,NA,"experiment not submitted to GEO",NA,NA
"94","ENCFF742JYA","bigWig","signal p-value","ENCSR468GUI","ATAC-seq","UBERON:0001891","midbrain","tissue","Mus musculus",NA,NA,NA,NA,"DNA",NA,"","ATAC_buffer",NA,"False","2017-05-10","ENCODE",NA,NA,NA,1,NA,NA,NA,NA,NA,NA,"ENCFF060YWL",626546858,"Anshul Kundaje, Stanford","f36be96014764065acea3b53f8869869",NA,"https://www.encodeproject.org/files/ENCFF742JYA/@@download/ENCFF742JYA.bigWig","mm10",NA,NA,"released",NA,NA,"experiment not submitted to GEO",NA,NA
"95","ENCFF801UXB","bigWig","fold change over control","ENCSR468GUI","ATAC-seq","UBERON:0001891","midbrain","tissue","Mus musculus",NA,NA,NA,NA,"DNA",NA,"","ATAC_buffer",NA,"False","2017-05-10","ENCODE",NA,NA,NA,2,NA,NA,NA,NA,NA,NA,"ENCFF100IBX",732082161,"Anshul Kundaje, Stanford","b12c23f1c1d608c92bf7662400f6611c",NA,"https://www.encodeproject.org/files/ENCFF801UXB/@@download/ENCFF801UXB.bigWig","mm10",NA,NA,"released",NA,NA,"experiment not submitted to GEO",NA,NA
"96","ENCFF190LKP","bigWig","fold change over control","ENCSR468GUI","ATAC-seq","UBERON:0001891","midbrain","tissue","Mus musculus",NA,NA,NA,NA,"DNA",NA,"","ATAC_buffer",NA,"False","2017-05-10","ENCODE",NA,NA,NA,1,NA,NA,NA,NA,NA,NA,"ENCFF060YWL",927204220,"Anshul Kundaje, Stanford","9026420fa45f63dea6893ee6fb0c08c3",NA,"https://www.encodeproject.org/files/ENCFF190LKP/@@download/ENCFF190LKP.bigWig","mm10",NA,NA,"released",NA,NA,"experiment not submitted to GEO",NA,NA
"97","ENCFF426VDN","bam","alignments","ENCSR273UFV","ATAC-seq","UBERON:0001890","forebrain","tissue","Mus musculus",NA,NA,NA,NA,"DNA",NA,"","ATAC_buffer",NA,"False","2017-05-10","ENCODE",NA,NA,NA,1,NA,NA,NA,NA,NA,NA,"ENCFF419LDW, ENCFF963YIU",3601981505,"Anshul Kundaje, Stanford","684e7a1ddd6a0c3c94e3a2b1f17e5b78",NA,"https://www.encodeproject.org/files/ENCFF426VDN/@@download/ENCFF426VDN.bam","mm10",NA,NA,"released",NA,NA,"experiment not submitted to GEO",NA,NA
"98","ENCFF275OKU","bam","alignments","ENCSR273UFV","ATAC-seq","UBERON:0001890","forebrain","tissue","Mus musculus",NA,NA,NA,NA,"DNA",NA,"","ATAC_buffer",NA,"False","2017-05-10","ENCODE",NA,NA,NA,2,NA,NA,NA,NA,NA,NA,"ENCFF083TDB, ENCFF680UAR",3528662396,"Anshul Kundaje, Stanford","e2c5ef4c48e146e3c568ed8ee0c7a8c4",NA,"https://www.encodeproject.org/files/ENCFF275OKU/@@download/ENCFF275OKU.bam","mm10",NA,NA,"released",NA,NA,"experiment not submitted to GEO",NA,NA
"99","ENCFF685PIH","bigWig","signal p-value","ENCSR273UFV","ATAC-seq","UBERON:0001890","forebrain","tissue","Mus musculus",NA,NA,NA,NA,"DNA",NA,"","ATAC_buffer",NA,"False","2017-05-10","ENCODE",NA,NA,NA,1,NA,NA,NA,NA,NA,NA,"ENCFF426VDN",626620128,"Anshul Kundaje, Stanford","65d31b12c61adbc51f3057e72f15c913",NA,"https://www.encodeproject.org/files/ENCFF685PIH/@@download/ENCFF685PIH.bigWig","mm10",NA,NA,"released",NA,NA,"experiment not submitted to GEO",NA,NA
"100","ENCFF526IGF","bigWig","signal p-value","ENCSR273UFV","ATAC-seq","UBERON:0001890","forebrain","tissue","Mus musculus",NA,NA,NA,NA,"DNA",NA,"","ATAC_buffer",NA,"False","2017-05-10","ENCODE",NA,NA,NA,2,NA,NA,NA,NA,NA,NA,"ENCFF275OKU",687967294,"Anshul Kundaje, Stanford","ce3f36aee926842908bd636cfc5cf77a",NA,"https://www.encodeproject.org/files/ENCFF526IGF/@@download/ENCFF526IGF.bigWig","mm10",NA,NA,"released",NA,NA,"experiment not submitted to GEO",NA,NA
"101","ENCFF752DQC","bigWig","fold change over control","ENCSR273UFV","ATAC-seq","UBERON:0001890","forebrain","tissue","Mus musculus",NA,NA,NA,NA,"DNA",NA,"","ATAC_buffer",NA,"False","2017-05-10","ENCODE",NA,NA,NA,2,NA,NA,NA,NA,NA,NA,"ENCFF275OKU",758781521,"Anshul Kundaje, Stanford","2835a560b91d55913bb217727da5d685",NA,"https://www.encodeproject.org/files/ENCFF752DQC/@@download/ENCFF752DQC.bigWig","mm10",NA,NA,"released",NA,NA,"experiment not submitted to GEO",NA,NA
"102","ENCFF060HRT","bigWig","fold change over control","ENCSR273UFV","ATAC-seq","UBERON:0001890","forebrain","tissue","Mus musculus",NA,NA,NA,NA,"DNA",NA,"","ATAC_buffer",NA,"False","2017-05-10","ENCODE",NA,NA,NA,1,NA,NA,NA,NA,NA,NA,"ENCFF426VDN",795008453,"Anshul Kundaje, Stanford","e2e07843811ebafb89d11004bb615e66",NA,"https://www.encodeproject.org/files/ENCFF060HRT/@@download/ENCFF060HRT.bigWig","mm10",NA,NA,"released",NA,NA,"experiment not submitted to GEO",NA,NA
"103","ENCFF695FLH","bam","alignments","ENCSR976LWP","ATAC-seq","UBERON:0001890","forebrain","tissue","Mus musculus",NA,NA,NA,NA,"DNA",NA,"","ATAC_buffer",NA,"False","2017-05-10","ENCODE",NA,NA,NA,1,NA,NA,NA,NA,NA,NA,"ENCFF500SXI, ENCFF906VXU",2908005518,"Anshul Kundaje, Stanford","a5a225d5355ca5c455221e5f14c74a1f",NA,"https://www.encodeproject.org/files/ENCFF695FLH/@@download/ENCFF695FLH.bam","mm10",NA,NA,"released",NA,NA,"experiment not submitted to GEO",NA,NA
"104","ENCFF572CMB","bam","alignments","ENCSR976LWP","ATAC-seq","UBERON:0001890","forebrain","tissue","Mus musculus",NA,NA,NA,NA,"DNA",NA,"","ATAC_buffer",NA,"False","2017-05-10","ENCODE",NA,NA,NA,2,NA,NA,NA,NA,NA,NA,"ENCFF248PXW, ENCFF825UHO",3346793518,"Anshul Kundaje, Stanford","35c5d40b60df85c4f25fc9ef4a8fa6bb",NA,"https://www.encodeproject.org/files/ENCFF572CMB/@@download/ENCFF572CMB.bam","mm10",NA,NA,"released",NA,NA,"experiment not submitted to GEO",NA,NA
"105","ENCFF386ENN","bigWig","signal p-value","ENCSR976LWP","ATAC-seq","UBERON:0001890","forebrain","tissue","Mus musculus",NA,NA,NA,NA,"DNA",NA,"","ATAC_buffer",NA,"False","2017-05-10","ENCODE",NA,NA,NA,1,NA,NA,NA,NA,NA,NA,"ENCFF695FLH",591139478,"Anshul Kundaje, Stanford","6f55a48309a8473680ccc0b49e8e06d8",NA,"https://www.encodeproject.org/files/ENCFF386ENN/@@download/ENCFF386ENN.bigWig","mm10",NA,NA,"released",NA,NA,"experiment not submitted to GEO",NA,NA
"106","ENCFF030APN","bigWig","signal p-value","ENCSR976LWP","ATAC-seq","UBERON:0001890","forebrain","tissue","Mus musculus",NA,NA,NA,NA,"DNA",NA,"","ATAC_buffer",NA,"False","2017-05-10","ENCODE",NA,NA,NA,2,NA,NA,NA,NA,NA,NA,"ENCFF572CMB",550856147,"Anshul Kundaje, Stanford","8748c3a9787b8ca58cd2fb41f8dd5c36",NA,"https://www.encodeproject.org/files/ENCFF030APN/@@download/ENCFF030APN.bigWig","mm10",NA,NA,"released",NA,NA,"experiment not submitted to GEO",NA,NA
"107","ENCFF487YTM","bigWig","fold change over control","ENCSR976LWP","ATAC-seq","UBERON:0001890","forebrain","tissue","Mus musculus",NA,NA,NA,NA,"DNA",NA,"","ATAC_buffer",NA,"False","2017-05-10","ENCODE",NA,NA,NA,1,NA,NA,NA,NA,NA,NA,"ENCFF695FLH",676805362,"Anshul Kundaje, Stanford","bdbed1a5ed91f2167f292dc08d513b74",NA,"https://www.encodeproject.org/files/ENCFF487YTM/@@download/ENCFF487YTM.bigWig","mm10",NA,NA,"released",NA,NA,"experiment not submitted to GEO",NA,NA
"108","ENCFF933MGK","bigWig","fold change over control","ENCSR976LWP","ATAC-seq","UBERON:0001890","forebrain","tissue","Mus musculus",NA,NA,NA,NA,"DNA",NA,"","ATAC_buffer",NA,"False","2017-05-10","ENCODE",NA,NA,NA,2,NA,NA,NA,NA,NA,NA,"ENCFF572CMB",802077642,"Anshul Kundaje, Stanford","d24f2d496f23590160149c1ad129dca7",NA,"https://www.encodeproject.org/files/ENCFF933MGK/@@download/ENCFF933MGK.bigWig","mm10",NA,NA,"released",NA,NA,"experiment not submitted to GEO",NA,NA
