"","Sample Name","Lane","BarcodeIdx","Project","Harvest By","Harvest Date","Harvest Time","First Strand Amp By","First Strand Amp Date","Amplified By","Amplified Date","Library By","Library Date","Species","Strain","Strain Other","Age Harvested Unit","Age Harvested Unit Other","Age Harvested Value","Age Culture","Harvest Method","Harvest Quant","Harvest Compound","Is Harvest Compound Uncaged","Region","Subregion","Subregion Other","Cell Class","Cell Class Other","Cell Type","Cell Type Other","Supplier","Source Type","Source Unit","Source Unit Other","Source Region","Source Region Other","Patient ID","Cell ID","Dendrite ID","Source Well ID","Treatment","Replicate","Source Amplification Method","Source Amplification Rounds","First Sequencing Barcode","Second Sequencing Barcode","Non-Sequencing Barcode","Spike-In Type","Spike-In Dilution","Library Input Amount","Library Kit","Strand Specific","Library Const PCR Cycles","Amplification Protocol","Library Protocol","Analysis Protocol","Contaminants File","dbGaP Release","SRA ID","Notes","pipeline","STAR.star.version","STAR.samtools.version","STAR.species (genome)","STAR.SE","STAR.readLength","STAR.Tot Reads After Trim","STAR.Avg Inp Read Len","STAR.Avg Uniq Map Len","STAR.Perc Bases Mismatched","STAR.Uniq-mapped Reads","STAR.Total-mapped Reads","STAR.Uniq-mapped Perc","STAR.Multi-mapped Perc","STAR.Not-mapped Perc","VERSE.verse.version","VERSE.transcriptome","VERSE.stranded","VERSE.ID_attribute","VERSE.introns","VERSE.intergenic","VERSE.lines-sines","VERSE.exons Level 1,2: non-SpikeIn Reads Counted","VERSE.exons Level 1,2: SpikeIn Reads Counted","VERSE.exons Level 1,2: Num Genes","VERSE.exons Level 1,2: Avg Read Per Gene","VERSE.exons Level 1,2: Max Reads Per Gene","VERSE.exons Level 1,2: Ambiguous Mapped","VERSE.exons Level 3: Reads Counted","VERSE.exons Level 3: Num Genes","VERSE.exons Level 3: Avg Read Per Gene","VERSE.exons Level 3: Max Reads Per Gene","VERSE.exons Level 3: Ambiguous Mapped","VERSE.anti-exons: Reads Counted","VERSE.anti-exons: Num Genes","VERSE.anti-exons: Avg Read Per Gene","VERSE.anti-exons: Max Reads Per Gene","VERSE.anti-exons: Ambiguous Mapped","VERSE.introns Level 1,2: Reads Counted","VERSE.introns Level 1,2: Num Genes","VERSE.introns Level 1,2: Avg Read Per Gene","VERSE.introns Level 1,2: Max Reads Per Gene","VERSE.introns Level 1,2: Ambiguous Mapped","VERSE.introns Level 3: Reads Counted","VERSE.introns Level 3: Num Genes","VERSE.introns Level 3: Avg Read Per Gene","VERSE.introns Level 3: Max Reads Per Gene","VERSE.introns Level 3: Ambiguous Mapped","VERSE.anti-introns: Reads Counted","VERSE.anti-introns: Num Genes","VERSE.anti-introns: Avg Read Per Gene","VERSE.anti-introns: Max Reads Per Gene","VERSE.anti-introns: Ambiguous Mapped","VERSE.mito: Reads Counted","VERSE.mito: Num Genes","VERSE.mito: Avg Read Per Gene","VERSE.mito: Max Reads Per Gene","VERSE.mito: Ambiguous Mapped","VERSE.anti-mito: Reads Counted","VERSE.anti-mito: Num Genes","VERSE.anti-mito: Avg Read Per Gene","VERSE.anti-mito: Max Reads Per Gene","VERSE.anti-mito: Ambiguous Mapped","VERSE.Intergenic: Reads Counted","VERSE.Intergenic: Num Regions","VERSE.Intergenic: Avg Read Per Region","VERSE.Intergenic: Max Reads Per Region","VERSE.Intergenic: Ambiguous Mapped","VERSE.LINE Reads","VERSE.SINE Reads","VERSE.Num LINEs","VERSE.Num SINEs","VERSE.Neither LINEs nor SINEs","VERSE.No Feature","VERSE.Reads Missing Mates","VERSE.Perc: Exons Level 1,2","VERSE.Perc: Exons Level 3","VERSE.Perc: Anti-Exons","VERSE.Perc: Introns Level 1,2","VERSE.Perc: Introns Level 3","VERSE.Perc: Anti-Introns","VERSE.Perc: Mito","VERSE.Perc: Anti-Mito","VERSE.Perc: Intergenic","VERSE.Perc: Spike-In","BLAST.blastn.version","BLAST.parseBlast.py.version","BLAST.species","BLAST.readLength","BLAST.numReads","BLAST.kmer","BLAST.Total Hits","BLAST.Hits Not Counted","BLAST.Perc Hits Not Target or SpikeIn","BLAST.Bacteria","BLAST.Danio","BLAST.Fly","BLAST.Human","BLAST.Mouse","BLAST.Rat","BLAST.Yeast","BLAST.Carp","BLAST.ERCC","BLAST.PhiX","BLAST.TATAGTGAGT","BLAST.Perc Counted","TRIM.trimReads.py.version","TRIM.minLen","TRIM.phredThresh","TRIM.removeN","TRIM.numAT","TRIM.SE","TRIM.ContamFile","TRIM.nTotalReadsBeforeTrim","TRIM.nBothTrimmed","TRIM.nFirstTrimmed","TRIM.nSecondTrimmed","TRIM.nBothDiscarded","TRIM.nFirstDiscarded","TRIM.nSecondDiscarded","TRIM.Phred Threshold (first)","TRIM.Phred Threshold (second)","TRIM.removed5N (first)","TRIM.removed5N (second)","TRIM.removed3N (first)","TRIM.removed3N (second)","TRIM.init3G (first)","TRIM.init3G (second)","TRIM.indexAdapter (first)","TRIM.indexAdapter (second)","TRIM.univAdapterRC (first)","TRIM.univAdapterRC (second)","TRIM.aRNAPrimer (first)","TRIM.aRNAPrimer (second)","TRIM.aRNAPrimerRC (first)","TRIM.aRNAPrimerRC (second)","TRIM.tivaXoligo (first)","TRIM.tivaXoligo (second)","TRIM.tivaXoligoRC (first)","TRIM.tivaXoligoRC (second)","TRIM.dT5oligo (first)","TRIM.dT5oligo (second)","TRIM.dT5oligoRC (first)","TRIM.dT5oligoRC (second)","TRIM.dT6oligo (first)","TRIM.dT6oligo (second)","TRIM.dT6oligoRC (first)","TRIM.dT6oligoRC (second)","TRIM.NexteraRead1ExternalAdapter (first)","TRIM.NexteraRead1ExternalAdapter (second)","TRIM.NexteraRead2ExternalAdapter (first)","TRIM.NexteraRead2ExternalAdapter (second)","TRIM.ChexPolyCprimerRC (first)","TRIM.ChexPolyCprimerRC (second)","TRIM.istT7primerRC (first)","TRIM.istT7primerRC (second)","TRIM.NexteraTransposaseAdapterR1 (first)","TRIM.NexteraTransposaseAdapterR1 (second)","TRIM.NexteraTransposaseAdapterR1RC (first)","TRIM.NexteraTransposaseAdapterR1RC (second)","TRIM.NexteraTransposaseAdapterR2 (first)","TRIM.NexteraTransposaseAdapterR2 (second)","TRIM.NexteraTransposaseAdapterR2RC (first)","TRIM.NexteraTransposaseAdapterR2RC (second)","TRIM.NexteraTransposonEndSequence (first)","TRIM.NexteraTransposonEndSequence (second)","TRIM.NexteraTransposonEndSequenceRC (first)","TRIM.NexteraTransposonEndSequenceRC (second)","TRIM.SmartSeqTSO (first)","TRIM.SmartSeqTSO (second)","TRIM.SmartSeqTSORC (first)","TRIM.SmartSeqTSORC (second)","TRIM.SmartSeqOligo (first)","TRIM.SmartSeqOligo (second)","TRIM.SmartSeqOligoRC (first)","TRIM.SmartSeqOligoRC (second)","TRIM.5 polyT (first)","TRIM.5 polyT (second)","TRIM.3 polyA (first)","TRIM.3 polyA (second)","TRIM.removed5A (first)","TRIM.removed5A (second)","TRIM.removed3A (first)","TRIM.removed3A (second)","TRIM.removed5T (first)","TRIM.removed5T (second)","TRIM.removed3T (first)","TRIM.removed3T (second)","TRIM.removed5C (first)","TRIM.removed5C (second)","TRIM.removed3C (first)","TRIM.removed3C (second)","TRIM.removed5G (first)","TRIM.removed5G (second)","TRIM.removed3G (first)","TRIM.removed3G (second)","RMDUP.removeDuplicates.py.version","RMDUP.nInitialReadPairs","RMDUP.nUniqueReadPairs","RMDUP.nDuplicatesFound","RMDUP.nReadsWithDuplicates","RMDUP.maxDuplicateCount","GMAP.gmap.version","GMAP.samtools.version","GMAP.species (genome)","GMAP.SE","GMAP.readLength","GMAP.Reads After Trim","GMAP.Reads Mapped","GMAP.Uniq Reads","GMAP.Mismatches","GMAP.Bases Mapped","GMAP.Avg Read Length","GMAP.Max Read Length","BARCODE.kmerFind.py.version","BARCODE.barcode","BARCODE.prefix","BARCODE.suffix","BARCODE.cut","BARCODE.SE","BARCODE.R1_threshold","BARCODE.R2_threshold","BARCODE.nTotalReadsBeforeMapping","BARCODE.totalBothMapped","BARCODE.totalFirstMapped","BARCODE.totalSecondMapped","BARCODE.firstKmer","BARCODE.firstRC","BARCODE.secondKmer","BARCODE.secondRC","BARCODE.avgPosFirst","BARCODE.avgPosSecond","BARCODE.avgPosFirstForward","BARCODE.avgPosFirstReverse","BARCODE.avgPosSecondForward","BARCODE.avgPosSecondReverse","Experiment Name","Description","Investigators","External Lab","Submitted Date","Machine Manufacturer","Model","Sequencing Kit","Read Length","Paired","Facility","Facility ID","Processing","Notes"
"F1","F1","Sirv-Hungary",8,NA,"G. Juhasz","08/28/2015",NA,"G. Juhasz","08/28/2015","J. Wang","09/17/2015","J. Wang","09/23/2015","mouse","C57/BL6/N",NA,"unknown",NA,-1,NA,"patch clamp pipette",NA,"n/a",NA,"brain","cortex",NA,"neuron",NA,"fast spiking",NA,NA,"acute slice","single cell",NA,"whole cell",NA,NA,NA,NA,NA,"n/a","","aRNA",3,"8 - ACTTGA",NA,NA,"ERCC (LifeTech 4456740, Mix 1)",40000000,"200ng","Illumina TruSeq Stranded (RS-122-2101/2)",TRUE,15,"Linear RNA Amplification PROTOCOL_4-22-2015","TRUSEQ PROTOCOL",NA,"Default",NA,NA,"n/a",2.1,"STAR_2.4.0h1",1.1,"mm10",0,100,9287742,196,183,0.23,6573213,7221255,70.77,6.98,22.25,"v0.1.4","/lab/repo/resources/verse/mm10.gtf",1,"gene_id",1,1,1,4713800,5644,4990,944,116476,18879,NA,NA,NA,NA,NA,NA,NA,NA,NA,NA,287530,2714,105,44844,16825,NA,NA,NA,NA,NA,NA,NA,NA,NA,NA,249595,15,16639,87509,1003,NA,NA,NA,NA,NA,697868,4706,148,51044,4351,118318,255956,54,105,6173413,577718,922445,71.71,NA,NA,4.4,NA,NA,3.8,NA,10.6,0.09,"2.2.30",1.1,"mm10",100,5000,"TATAGTGAGT",4333,213,14,20,1,3,361,3723,14,1,NA,4,0,328,86.7,"0.6",20,53,1,26,0,"contaminants.fa",9538343,1088891,1442231,2446452,250601,353064,327656,3577839,4363046,166164,335634,1011250,2006058,NA,NA,512180,88643,947,357018,1586,1556,179945,266325,NA,NA,NA,NA,NA,NA,NA,NA,NA,NA,NA,NA,NA,NA,NA,NA,NA,NA,NA,NA,NA,NA,NA,NA,NA,NA,NA,NA,NA,NA,NA,NA,NA,NA,NA,NA,NA,NA,NA,NA,2797,9086,87910,180393,NA,NA,NA,NA,NA,NA,NA,NA,NA,NA,NA,NA,NA,NA,NA,NA,NA,NA,NA,NA,NA,NA,NA,NA,NA,NA,NA,NA,NA,NA,NA,NA,NA,NA,NA,NA,NA,NA,NA,NA,NA,NA,NA,NA,NA,NA,NA,NA,NA,NA,NA,NA,NA,NA,NA,NA,280,"SIRV_Hungary & BRP401-402","J. Eberwine, J. Kim",NA,"2010-01-15","Illumina","HiSeq 2500","Illumina CT-402-4001, PE-402-4002, FC-402-4021",100,"PE","inHouse",1238,"bcl2fastq v1.8.4",NA
"F2","F2","CA1-4-P3",8,NA,"G. Juhasz","09/01/2015",NA,"G. Juhasz","09/01/2015","J. Wang","10/13/2015","J. Wang","10/24/2015","mouse","C57/BL6/N",NA,"unknown",NA,-1,NA,"patch clamp pipette",NA,"n/a",NA,"brain","cortex",NA,"neuron",NA,"fast spiking",NA,NA,"acute slice","single cell",NA,"whole cell",NA,NA,NA,NA,NA,"n/a","","aRNA",3,"8 - ACTTGA",NA,NA,"ERCC (LifeTech 4456740, Mix 1)",40000000,"200ng","Illumina TruSeq Stranded (RS-122-2101/2)",TRUE,15,"Linear RNA Amplification PROTOCOL_4-22-2015","TRUSEQ PROTOCOL",NA,"Default",NA,NA,"n/a",2.1,"STAR_2.4.0h1",1.1,"mm10",0,100,30224314,198,183,0.56,19592647,23046630,64.82,11.43,23.75,"v0.1.4","/lab/repo/resources/verse/mm10.gtf",1,"gene_id",1,1,1,5535888,37432,7265,761,152482,21161,NA,NA,NA,NA,NA,NA,NA,NA,NA,NA,6115452,7387,827,1167977,368709,NA,NA,NA,NA,NA,NA,NA,NA,NA,NA,254636,17,14978,115513,2662,NA,NA,NA,NA,NA,3983722,9321,427,195201,11322,1420481,2428500,68,125,15489138,3261663,2563571,28.21,NA,NA,31.2,NA,NA,1.3,NA,20.3,0.19,"2.2.30",1.1,"mm10",100,5000,"TATAGTGAGT",4221,104,6.2,10,0,1,144,3957,4,0,NA,3,0,621,84.4,"0.6",20,53,1,26,0,"contaminants.fa",30598214,2687000,3935859,6983563,373900,457944,484927,10433617,13873995,762581,1055402,2158278,5343069,NA,NA,1403173,485733,2067,878261,2785,6965,418249,208342,NA,NA,NA,NA,NA,NA,NA,NA,NA,NA,NA,NA,NA,NA,NA,NA,NA,NA,NA,NA,NA,NA,NA,NA,NA,NA,NA,NA,NA,NA,NA,NA,NA,NA,NA,NA,NA,NA,NA,NA,1856,29073,104614,133895,NA,NA,NA,NA,NA,NA,NA,NA,NA,NA,NA,NA,NA,NA,NA,NA,NA,NA,NA,NA,NA,NA,NA,NA,NA,NA,NA,NA,NA,NA,NA,NA,NA,NA,NA,NA,NA,NA,NA,NA,NA,NA,NA,NA,NA,NA,NA,NA,NA,NA,NA,NA,NA,NA,NA,NA,286,"CM699-701 & CA1-4-P3","J. Eberwine, J. Kim",NA,"10/20/15","Illumina","HiSeq 2500","Illumina CT-402-4001, PE-402-4002, FC-402-4021",100,"PE","inHouse",1255,"bcl2fastq v1.8.4",NA
"F6","F6","Hungary1",10,NA,"G. Juhasz","11/16/2015",NA,"G. Juhasz","11/16/2015","J. Wang","12/14/2015","J. Wang","12/17/2015","mouse","C57/BL6/N",NA,"unknown",NA,-1,NA,"patch clamp pipette",NA,"n/a",NA,"brain","cortex",NA,"neuron",NA,"fast spiking",NA,NA,"acute slice","single cell",NA,"whole cell",NA,NA,NA,NA,NA,"n/a","","aRNA",3,"10 - TAGCTT",NA,NA,"ERCC (LifeTech 4456740, Mix 1)",40000000,"200ng","Illumina TruSeq Stranded (RS-122-2101/2)",TRUE,15,"Linear RNA Amplification PROTOCOL_4-22-2015","TRUSEQ PROTOCOL",NA,"Default",NA,NA,"n/a",2.1,"STAR_2.4.0h1",1.1,"mm10",0,100,39064415,199,189,0.34,26081829,28669030,66.77,6.62,26.61,"v0.1.4","/lab/repo/resources/verse/mm10.gtf",1,"gene_id",1,1,1,12043599,97524,3872,3110,191254,42452,NA,NA,NA,NA,NA,NA,NA,NA,NA,NA,6861328,6446,1064,539366,454272,NA,NA,NA,NA,NA,NA,NA,NA,NA,NA,135715,17,7983,49843,1762,NA,NA,NA,NA,NA,4364238,8902,490,153379,13685,1518352,3566874,60,113,20665379,2067254,1752329,46.23,NA,NA,26.3,NA,NA,0.5,NA,16.7,0.37,"2.2.30",1.1,"mm10",100,5000,"TATAGTGAGT",4714,129,20.8,549,1,7,296,3721,3,1,NA,14,0,0,94.3,"0.6",20,53,1,26,0,"/lab/repo/resources/trim/contaminants.fa",39070764,2590981,4428386,6846367,6349,24523,65830,13997309,14850780,762583,1032738,2341112,4825354,NA,NA,1418763,721571,3384,733250,4827,3615,312660,25559,NA,NA,NA,NA,NA,NA,NA,NA,NA,NA,NA,NA,NA,NA,NA,NA,NA,NA,NA,NA,NA,NA,NA,NA,NA,NA,NA,NA,NA,NA,NA,NA,NA,NA,NA,NA,NA,NA,NA,NA,98,10132,49987,5831,NA,NA,NA,NA,NA,NA,NA,NA,NA,NA,NA,NA,NA,NA,NA,NA,NA,NA,NA,NA,NA,NA,NA,NA,NA,NA,NA,NA,NA,NA,NA,NA,NA,NA,NA,NA,NA,NA,NA,NA,NA,NA,NA,NA,NA,NA,NA,NA,NA,NA,NA,NA,NA,NA,NA,NA,299,"Hungary1 & Hungary2","J. Eberwine, J. Kim",NA,"01/14/16","Illumina","HiSeq 2500","Illumina CT-402-4001, PE-402-4002, FC-402-4021",100,"PE","inHouse",NA,"bcl2fastq v1.8.4",NA
"F7","F7","BRU121-127_F5-F8",12,NA,"G. Juhasz","11/24/2015",NA,"G. Juhasz","11/24/2015","J. Wang","02/01/2016","J. Wang","02/04/2016","mouse","C57/BL6/N",NA,"unknown",NA,-1,NA,"patch clamp pipette",NA,"n/a",NA,"brain","cortex",NA,"neuron",NA,"fast spiking",NA,NA,"acute slice","single cell",NA,"whole cell",NA,NA,NA,NA,NA,"n/a","","aRNA",3,"12 - CTTGTA",NA,NA,"ERCC (LifeTech 4456740, Mix 1)",40000000,"200ng","Illumina TruSeq Stranded (RS-122-2101/2)",TRUE,15,"Linear RNA Amplification PROTOCOL_4-22-2015","TRUSEQ PROTOCOL",NA,"Default",NA,NA,"n/a",2.1,"STAR_2.4.0h1",1.1,"mm10",0,75,120220199,150,129,0.97,32351815,38016841,26.91,4.71,68.37,"v0.1.4","/lab/repo/resources/verse/mm10.gtf",1,"gene_id",1,1,1,8691638,136886,6422,1353,358498,8986,NA,NA,NA,NA,NA,NA,NA,NA,NA,NA,10515297,12066,871,1530096,402683,NA,NA,NA,NA,NA,NA,NA,NA,NA,NA,1147678,22,52167,421651,51464,NA,NA,NA,NA,NA,8170497,12447,656,179308,126748,3190784,4480817,80,120,24257525,3099938,6963937,26.88,NA,NA,32.5,NA,NA,3.5,NA,25.3,0.42,"2.2.30",1.1,"mm10",75,5000,"TATAGTGAGT",3068,566,45.8,221,0,5,615,1655,4,0,NA,9,0,0,61.4,"0.6",20,53,1,26,0,"/lab/repo/resources/trim/contaminants.fa",120220664,14743982,32524493,38845721,465,39159,115364,100441036,102110599,9031028,6789605,25901938,35104014,NA,NA,366875,157765,10265,120328,2559,14792,504662,80249,NA,NA,NA,NA,NA,NA,NA,NA,NA,NA,NA,NA,NA,NA,NA,NA,NA,NA,NA,NA,NA,NA,NA,NA,NA,NA,NA,NA,NA,NA,NA,NA,NA,NA,NA,NA,NA,NA,NA,NA,2867,206987,147467,12106,NA,NA,NA,NA,NA,NA,NA,NA,NA,NA,NA,NA,NA,NA,NA,NA,NA,NA,NA,NA,NA,NA,NA,NA,NA,NA,NA,NA,NA,NA,NA,NA,NA,NA,NA,NA,NA,NA,NA,NA,NA,NA,NA,NA,NA,NA,NA,NA,NA,NA,NA,NA,NA,NA,NA,NA,302,"BRU121-127_F5-F8","J. Eberwine, J. Kim",NA,"2002-08-16","Illumina","NextSeq 500","Illumina FC-404-2002",75,"PE","inHouse",NA,"bcl2fastq2 v2.17",NA
"F11","F11","Protocol2",25,NA,"G. Juhasz","03/08/2016",NA,"G. Juhasz","03/08/2016","J. Wang","05/10/2016","J. Wang","05/23/2016","mouse","C57/BL6/N",NA,"unknown",NA,-1,NA,"patch clamp pipette",NA,"n/a",NA,"brain","cortex",NA,"neuron",NA,"fast spiking",NA,NA,"acute slice","single cell",NA,"whole cell",NA,NA,NA,NA,NA,"n/a","","aRNA",3,"25 - ACTGAT",NA,NA,"ERCC (LifeTech 4456740, Mix 1)",40000000,"200ng","Illumina TruSeq Stranded (RS-122-2101/2)",TRUE,15,"Linear RNA Amplification PROTOCOL_4-22-2015","TRUSEQ PROTOCOL",NA,"Default",NA,NA,"n/a",2.1,"STAR_2.4.0h1",1.1,"mm10",0,75,21189992,148,131,0.98,6896770,8156327,32.55,5.94,61.51,"v0.1.4","/lab/repo/resources/verse/mm10.gtf",1,"gene_id",1,1,1,1792103,226,3716,482,301089,8194,NA,NA,NA,NA,NA,NA,NA,NA,NA,NA,1534505,9077,169,114028,73438,NA,NA,NA,NA,NA,NA,NA,NA,NA,NA,1889,12,157,577,27,NA,NA,NA,NA,NA,2365674,10155,232,240482,24440,634401,1638013,61,109,4543148,1096274,1120483,26,NA,NA,22.2,NA,NA,0,NA,34.3,0,"2.2.30",1.1,"mm10",75,5000,"TATAGTGAGT",3884,324,48.6,73,11,24,1482,1995,20,1,NA,0,0,294,77.7,"0.7.2",20,53,1,26,0,"/lab/repo/resources/trim/contaminants.fa",21190979,3242292,7467503,6562550,987,756198,14643,20873077,19223405,994909,1913168,5812281,4972368,NA,NA,1324574,107662,700,381963,1512,1526,36904,115529,NA,NA,NA,NA,NA,NA,NA,NA,NA,NA,NA,NA,NA,NA,NA,NA,NA,NA,NA,NA,NA,NA,NA,NA,NA,NA,NA,NA,NA,NA,NA,NA,NA,NA,NA,NA,NA,NA,NA,NA,6422,18833,8392,21181,NA,NA,NA,NA,NA,NA,NA,NA,NA,NA,NA,NA,NA,NA,NA,NA,NA,NA,NA,NA,NA,NA,NA,NA,NA,NA,NA,NA,NA,NA,NA,NA,NA,NA,NA,NA,NA,NA,NA,NA,NA,NA,NA,NA,NA,NA,NA,NA,NA,NA,NA,NA,NA,NA,NA,NA,328,"protocol2","J. Eberwine, J. Kim",NA,"2006-09-16","Illumina","NextSeq 500","Illumina FC-404-2002",75,"PE","inHouse",NA,"bcl2fastq2 v2.17",NA
"F12","F12","Hungary0617",25,NA,"G. Juhasz","04/25/2016",NA,"G. Juhasz","04/25/2016","J. Wang","05/10/2016","J. Wang","05/23/2016","mouse","C57/BL6/N",NA,"unknown",NA,-1,NA,"patch clamp pipette",NA,"n/a",NA,"brain","cortex",NA,"neuron",NA,"fast spiking",NA,NA,"acute slice","single cell",NA,"whole cell",NA,NA,NA,NA,NA,"n/a","","aRNA",3,"25 - ACTGAT",NA,NA,"ERCC (LifeTech 4456740, Mix 1)",40000000,"200ng","Illumina TruSeq Stranded (RS-122-2101/2)",TRUE,15,"Linear RNA Amplification PROTOCOL_4-22-2015","TRUSEQ PROTOCOL",NA,"Default",NA,NA,"n/a",2.1,"STAR_2.4.0h1",1.1,"mm10",0,75,29219150,147,124,1.1,10906616,13180140,37.33,7.78,54.89,"v0.1.4","/lab/repo/resources/verse/mm10.gtf",1,"gene_id",1,1,1,2707087,1025,3689,733,478964,12983,NA,NA,NA,NA,NA,NA,NA,NA,NA,NA,2524697,10031,251,151071,126786,NA,NA,NA,NA,NA,NA,NA,NA,NA,NA,2867,10,286,751,133,NA,NA,NA,NA,NA,3750477,11039,339,390829,69740,977054,2851934,63,112,6923871,1710821,2581193,24.79,NA,NA,23.1,NA,NA,0,NA,34.4,0.01,"2.2.30",1.1,"mm10",75,5000,"TATAGTGAGT",3964,270,46.5,69,18,4,1488,2120,26,0,NA,0,0,200,79.3,"0.7.2",20,53,1,26,0,"/lab/repo/resources/trim/contaminants.fa",29220716,5959991,9266097,11213014,1566,727009,12075,22411257,23683508,1342075,1771313,7485063,9875547,NA,NA,1360038,179530,1197,412952,2836,5711,787045,166372,NA,NA,NA,NA,NA,NA,NA,NA,NA,NA,NA,NA,NA,NA,NA,NA,NA,NA,NA,NA,NA,NA,NA,NA,NA,NA,NA,NA,NA,NA,NA,NA,NA,NA,NA,NA,NA,NA,NA,NA,8348,66699,330590,23954,NA,NA,NA,NA,NA,NA,NA,NA,NA,NA,NA,NA,NA,NA,NA,NA,NA,NA,NA,NA,NA,NA,NA,NA,NA,NA,NA,NA,NA,NA,NA,NA,NA,NA,NA,NA,NA,NA,NA,NA,NA,NA,NA,NA,NA,NA,NA,NA,NA,NA,NA,NA,NA,NA,NA,NA,398,"Hungary0617","J. Eberwine, J. Kim",NA,"2006-01-17","Illumina","NextSeq 500","Illumina FC-404-2002",75,"PE","inHouse",NA,"bcl2fastq2 v2.17",NA
"F1b","F1b","Protocol4",8,NA,"G. Juhasz","08/28/2015",NA,"G. Juhasz","08/28/2015","J. Wang","09/17/2015","J. Wang","09/23/2015","mouse","C57/BL6/N",NA,"unknown",NA,-1,NA,"patch clamp pipette",NA,"n/a",NA,"brain","cortex",NA,"neuron",NA,"fast spiking",NA,NA,"acute slice","single cell",NA,"whole cell",NA,NA,NA,NA,NA,"n/a","reseq of F1 from E.280","aRNA",3,"8 - ACTTGA",NA,NA,"ERCC (LifeTech 4456740, Mix 1)",40000000,"200ng","Illumina TruSeq Stranded (RS-122-2101/2)",TRUE,15,"Linear RNA Amplification PROTOCOL_4-22-2015","TRUSEQ PROTOCOL",NA,"Default",NA,NA,"n/a",2.1,"STAR_2.4.0h1",1.1,"mm10",0,75,22466861,149,124,0.37,13892224,15313716,61.83,6.33,31.84,"v0.1.4","/lab/repo/resources/verse/mm10.gtf",1,"gene_id",1,1,1,10117705,11894,5207,1943,257411,31104,NA,NA,NA,NA,NA,NA,NA,NA,NA,NA,544435,5568,97,60989,23572,NA,NA,NA,NA,NA,NA,NA,NA,NA,NA,509397,18,28299,173920,1728,NA,NA,NA,NA,NA,1430239,6968,205,99884,17699,233340,478401,61,109,13139878,1204451,4583738,72.81,NA,NA,3.9,NA,NA,3.7,NA,10.3,0.09,"2.2.30",1.1,"mm10",75,5000,"TATAGTGAGT",4184,196,13.6,6,1,6,340,3615,24,1,NA,2,0,335,83.7,"0.7.2",20,53,1,26,0,"/lab/repo/resources/trim/contaminants.fa",22467556,3510105,6850535,8590202,695,640688,12327,20261153,21331272,1197996,2227088,5412067,7249826,NA,NA,700032,17992,1862,45089,2052,2529,154685,237166,NA,NA,NA,NA,NA,NA,NA,NA,NA,NA,NA,NA,NA,NA,NA,NA,NA,NA,NA,NA,NA,NA,NA,NA,NA,NA,NA,NA,NA,NA,NA,NA,NA,NA,NA,NA,NA,NA,NA,NA,13035,46691,72809,85300,NA,NA,NA,NA,NA,NA,NA,NA,NA,NA,NA,NA,NA,NA,NA,NA,NA,NA,NA,NA,NA,NA,NA,NA,NA,NA,NA,NA,NA,NA,NA,NA,NA,NA,NA,NA,NA,NA,NA,NA,NA,NA,NA,NA,NA,NA,NA,NA,NA,NA,NA,NA,NA,NA,NA,NA,335,"Protocol4","J. Eberwine, J. Kim",NA,"2007-12-16","Illumina","NextSeq 500","Illumina FC-404-2002",75,"PE","inHouse",NA,"bcl2fastq2 v2.17",NA
"F11b","F11b","Protocol4",25,NA,"G. Juhasz","03/08/2016",NA,"G. Juhasz","03/08/2016","J. Wang","05/10/2016","J. Wang","05/23/2016","mouse","C57/BL6/N",NA,"unknown",NA,-1,NA,"patch clamp pipette",NA,"n/a",NA,"brain","cortex",NA,"neuron",NA,"fast spiking",NA,NA,"acute slice","single cell",NA,"whole cell",NA,NA,NA,NA,NA,"n/a","reseq of F11 from E.328","aRNA",3,"25 - ACTGAT",NA,NA,"ERCC (LifeTech 4456740, Mix 1)",40000000,"200ng","Illumina TruSeq Stranded (RS-122-2101/2)",TRUE,15,"Linear RNA Amplification PROTOCOL_4-22-2015","TRUSEQ PROTOCOL",NA,"Default",NA,NA,"n/a",2.1,"STAR_2.4.0h1",1.1,"mm10",0,75,29226829,148,125,1.19,10281104,12300560,35.18,6.91,57.92,"v0.1.4","/lab/repo/resources/verse/mm10.gtf",1,"gene_id",1,1,1,2598384,882,5451,476,436072,12159,NA,NA,NA,NA,NA,NA,NA,NA,NA,NA,2320653,10507,220,152544,117734,NA,NA,NA,NA,NA,NA,NA,NA,NA,NA,3343,13,257,799,97,NA,NA,NA,NA,NA,3533051,11369,310,367095,53275,925230,2605811,67,112,6616555,1641526,2524291,25.29,NA,NA,22.6,NA,NA,0,NA,34.4,0.01,"2.2.30",1.1,"mm10",75,5000,"TATAGTGAGT",4006,292,47.3,68,26,18,1508,2113,30,1,NA,0,0,211,80.1,"0.7.2",20,53,1,26,0,"/lab/repo/resources/trim/contaminants.fa",29228294,4588927,9105182,9933221,1465,835836,17002,26023977,27226278,1341571,2433432,6889917,8079592,NA,NA,1525072,162619,1153,414383,2940,4065,367213,164467,NA,NA,NA,NA,NA,NA,NA,NA,NA,NA,NA,NA,NA,NA,NA,NA,NA,NA,NA,NA,NA,NA,NA,NA,NA,NA,NA,NA,NA,NA,NA,NA,NA,NA,NA,NA,NA,NA,NA,NA,9679,65317,128251,39939,NA,NA,NA,NA,NA,NA,NA,NA,NA,NA,NA,NA,NA,NA,NA,NA,NA,NA,NA,NA,NA,NA,NA,NA,NA,NA,NA,NA,NA,NA,NA,NA,NA,NA,NA,NA,NA,NA,NA,NA,NA,NA,NA,NA,NA,NA,NA,NA,NA,NA,NA,NA,NA,NA,NA,NA,335,"Protocol4","J. Eberwine, J. Kim",NA,"2007-12-16","Illumina","NextSeq 500","Illumina FC-404-2002",75,"PE","inHouse",NA,"bcl2fastq2 v2.17",NA
"F16","F16","Hungary_scCLT",2,NA,"G. Juhasz","05/25/2016",NA,"G. Juhasz","05/25/2016","J. Wang","10/19/2016","J. Wang","10/25/2016","mouse","C57/BL6/N",NA,"days old (P)",NA,42,NA,"patch clamp pipette",NA,"n/a",NA,"brain","cortex",NA,"neuron",NA,"fast spiking",NA,NA,"acute slice","single cell",NA,"whole cell",NA,NA,NA,NA,NA,"n/a","","aRNA",3,"2 - CGATGT",NA,NA,"ERCC (LifeTech 4456740, Mix 1)",40000000,"200ng","Illumina TruSeq Stranded (RS-122-2101/2)",TRUE,15,"Linear RNA Amplification PROTOCOL_4-22-2015","TRUSEQ PROTOCOL",NA,"Default",NA,NA,"n/a",2.1,"STAR_2.4.0h1",1.1,"mm10",0,75,19605608,149,126,1.48,6417709,8241916,32.73,9.3,57.95,"v0.1.4","/lab/repo/resources/verse/mm10.gtf",1,"gene_id",1,1,1,838343,25410,2350,356,76150,10066,NA,NA,NA,NA,NA,NA,NA,NA,NA,NA,1418775,6823,207,427732,44510,NA,NA,NA,NA,NA,NA,NA,NA,NA,NA,7366,12,613,2441,19,NA,NA,NA,NA,NA,2342888,8094,289,73445,22588,676799,543799,62,115,5131624,1707744,1625567,13.1,NA,NA,22.1,NA,NA,0.1,NA,36.5,0.4,"2.2.30",1.1,"mm10",75,5000,"TATAGTGAGT",3859,580,49.4,1148,0,2,172,1947,6,0,NA,7,0,7,77.2,"0.7.2",20,53,1,26,0,"/lab/repo/resources/trim/contaminants.fa",19605819,2411601,4902606,5817717,211,243372,9511,15768303,15779456,1031609,1292638,3620518,4926570,NA,NA,285642,23152,3351,23867,1437,1578,462839,348594,NA,NA,NA,NA,NA,NA,NA,NA,NA,NA,NA,NA,NA,NA,NA,NA,NA,NA,NA,NA,NA,NA,NA,NA,NA,NA,NA,NA,NA,NA,NA,NA,NA,NA,NA,NA,NA,NA,NA,NA,14462,41121,335382,199189,NA,NA,NA,NA,NA,NA,NA,NA,NA,NA,NA,NA,NA,NA,NA,NA,NA,NA,NA,NA,NA,NA,NA,NA,NA,NA,NA,NA,NA,NA,NA,NA,NA,NA,NA,NA,NA,NA,NA,NA,NA,NA,NA,NA,NA,NA,NA,NA,NA,NA,NA,NA,NA,NA,NA,NA,352,"Hungary_2","J. Eberwine, J. Kim",NA,"10/24/16","Illumina","NextSeq 500","Illumina FC-404-2002",75,"PE","inHouse",NA,"bcl2fastq2 v2.17",NA
"F24","F24","Hungary_scCLT",6,NA,"G. Juhasz","09/13/2016",NA,"G. Juhasz","09/13/2016","J. Wang","10/19/2016","J. Wang","10/25/2016","mouse","C57/BL6/N",NA,"days old (P)",NA,32,NA,"patch clamp pipette",NA,"n/a",NA,"brain","cortex",NA,"neuron",NA,"fast spiking",NA,NA,"acute slice","single cell",NA,"whole cell",NA,NA,NA,NA,NA,"n/a","","aRNA",3,"6 - GCCAAT",NA,NA,"ERCC (LifeTech 4456740, Mix 1)",40000000,"200ng","Illumina TruSeq Stranded (RS-122-2101/2)",TRUE,15,"Linear RNA Amplification PROTOCOL_4-22-2015","TRUSEQ PROTOCOL",NA,"Default",NA,NA,"n/a",2.1,"STAR_2.4.0h1",1.1,"mm10",0,75,24406311,149,127,1.01,10802720,11949877,44.26,4.7,51.04,"v0.1.4","/lab/repo/resources/verse/mm10.gtf",1,"gene_id",1,1,1,2116359,5233,3740,565,122719,2193,NA,NA,NA,NA,NA,NA,NA,NA,NA,NA,3608168,9036,399,251353,404677,NA,NA,NA,NA,NA,NA,NA,NA,NA,NA,15888,15,1059,11463,239,NA,NA,NA,NA,NA,2806831,10159,276,87082,32205,1036426,1083506,71,119,8572246,1810927,2677747,19.55,NA,NA,33.4,NA,NA,0.1,NA,26,0.05,"2.2.30",1.1,"mm10",75,5000,"TATAGTGAGT",4131,550,45.2,616,0,5,695,2263,5,0,NA,1,0,20,82.6,"0.7.2",20,53,1,26,0,"/lab/repo/resources/trim/contaminants.fa",24406610,3224054,6289085,7323563,299,163623,15641,19577577,20183438,1326398,1688205,4749877,6242093,NA,NA,228752,32657,2783,34334,2288,3081,634596,335377,NA,NA,NA,NA,NA,NA,NA,NA,NA,NA,NA,NA,NA,NA,NA,NA,NA,NA,NA,NA,NA,NA,NA,NA,NA,NA,NA,NA,NA,NA,NA,NA,NA,NA,NA,NA,NA,NA,NA,NA,11830,52564,498835,163747,NA,NA,NA,NA,NA,NA,NA,NA,NA,NA,NA,NA,NA,NA,NA,NA,NA,NA,NA,NA,NA,NA,NA,NA,NA,NA,NA,NA,NA,NA,NA,NA,NA,NA,NA,NA,NA,NA,NA,NA,NA,NA,NA,NA,NA,NA,NA,NA,NA,NA,NA,NA,NA,NA,NA,NA,352,"Hungary_2","J. Eberwine, J. Kim",NA,"10/24/16","Illumina","NextSeq 500","Illumina FC-404-2002",75,"PE","inHouse",NA,"bcl2fastq2 v2.17",NA
